Gathering info...              0/7886 0…
[1A[JGathering info...              0/7886 0…
[1A[JGathering info...              0/7886 0…
[1A[JGathering info...              0/7886 0…
[1A[JGathering info...              0/7886 0…
[1A[JGathering info...              0/7886 0…
[1A[JGathering info...              0/7886 0…
[1A[JGathering info...              0/7886 0…
[1A[JGathering info...              0/7886 0…
[1A[JGathering info...              0/7886 0…
[1A[JGathering info...              0/7886 0…
[1A[JGathering info...              0/7886 0…
[1A[JGathering info...              0/7886 0…
[1A[JGathering info...              0/7886 0…
[1A[JGathering info...              0/7886 0…
[1A[JGathering info...              0/7886 0…
[1A[JGathering info...              0/7886 0…
[1A[JGathering info...              0/7886 0…
[1A[JGathering info...              0/7886 0…
[1A[JGathering info...              0/7886 0…
[1A[JGathering info...              0/7886 0…
[1A[JGathering info...              0/7886 0…
[1A[JDownloading 002 蜕变             0/7886…
[1A[JDownloading 004 力量             0/7886…
[1A[JDownloading 003 背景             0/7886…
[1A[JDownloading 003 背景             0/7886…
[1A[JDownloading 003 背景             0/7886…
[1A[JDownloading 003 背景             0/7886…
[1A[JDownloading 003 背景             0/7886…
[1A[JDownloading 003 背景             0/7886…
[1A[JDownloading 003 背景             0/7886…
[1A[JDownloading 003 背景             0/7886…
[1A[JDownloading 003 背景             0/7886…
[1A[JDownloading 003 背景             0/7886…
[1A[JDownloading 003 背景             0/7886…
[1A[JDownloading 003 背景             1/7886…
[1A[JDownloading 003 背景             5/7886…
[1A[JDownloading 001 传染             5/7886…
[1A[JDownloading 001 传染             8/7886…
[1A[JDownloading 001 传染             14/7886
[1A[JDownloading 001 传染             14/7886
[1A[JDownloading 001 传染             17/7886
[1A[JDownloading 001 传染             20/7886
[1A[JDownloading 001 传染             24/7886
[1A[JDownloading 001 传染             26/7886
[1A[JDownloading 001 传染             28/7886
[1A[JDownloading 001 传染             29/7886
[1A[JDownloading 001 传染             30/7886
[1A[JDownloading 001 传染             31/7886
[1A[JDownloading 001 传染             34/7886
[1A[JDownloading 001 传染             37/7886
[1A[JDownloading 001 传染             38/7886
[1A[JDownloading 001 传染             40/7886
[1A[JDownloading 001 传染             42/7886
[1A[JDownloading 001 传染             44/7886
[1A[JDownloading 001 传染             46/7886
[1A[JDownloading 001 传染             50/7886
[1A[JDownloading 001 传染             50/7886
[1A[JDownloading 001 传染             51/7886
[1A[JDownloading 001 传染             52/7886
[1A[JDownloading 001 传染             55/7886
[1A[JDownloading 001 传染             58/7886
[1A[JDownloading 001 传染             64/7886
[1A[JDownloading 001 传染             68/7886
[1A[JDownloading 001 传染             69/7886
[1A[JDownloading 001 传染             74/7886
[1A[JDownloading 001 传染             75/7886
[1A[JDownloading 001 传染             76/7886
[1A[JDownloading 001 传染             78/7886
[1A[JDownloading 001 传染             81/7886
[1A[JDownloading 001 传染             84/7886
[1A[JDownloading 001 传染             85/7886
[1A[JDownloading 001 传染             91/7886
[1A[JDownloading 001 传染             92/7886
[1A[JDownloading 001 传染             93/7886
[1A[JDownloading 001 传染             93/7886
[1A[JDownloading 001 传染             97/7886
[1A[JDownloading 001 传染             99/7886
[1A[JDownloading 001 传染             103/78…
[1A[JDownloading 001 传染             105/78…
[1A[JDownloading 001 传染             106/78…
[1A[JDownloading 001 传染             111/78…
[1A[JDownloading 001 传染             115/78…
[1A[JDownloading 001 传染             115/78…
[1A[JDownloading 001 传染             117/78…
[1A[JDownloading 001 传染             117/78…
[1A[JDownloading 001 传染             119/78…
[1A[JDownloading 001 传染             120/78…
[1A[JDownloading 001 传染             124/78…
[1A[JDownloading 001 传染             128/78…
[1A[JDownloading 001 传染             133/78…
[1A[JDownloading 001 传染             136/78…
[1A[JDownloading 001 传染             136/78…
[1A[JDownloading 001 传染             138/78…
[1A[JDownloading 001 传染             139/78…
[1A[JDownloading 001 传染             141/78…
[1A[JDownloading 001 传染             143/78…
[1A[JDownloading 001 传染             144/78…
[1A[JDownloading 001 传染             148/78…
[1A[JDownloading 001 传染             149/78…
[1A[JDownloading 001 传染             152/78…
[1A[JDownloading 001 传染             155/78…
[1A[JDownloading 001 传染             158/78…
[1A[JDownloading 001 传染             160/78…
[1A[JDownloading 001 传染             162/78…
[1A[JDownloading 001 传染             164/78…
[1A[JDownloading 001 传染             164/78…
[1A[JDownloading 001 传染             167/78…
[1A[JDownloading 001 传染             172/78…
[1A[JDownloading 001 传染             173/78…
[1A[JDownloading 001 传染             176/78…
[1A[JDownloading 001 传染             177/78…
[1A[JDownloading 001 传染             180/78…
[1A[JDownloading 001 传染             183/78…
[1A[JDownloading 001 传染             187/78…
[1A[JDownloading 001 传染             191/78…
[1A[JDownloading 001 传染             193/78…
[1A[JDownloading 001 传染             195/78…
[1A[JDownloading 001 传染             197/78…
[1A[JDownloading 001 传染             200/78…
[1A[JDownloading 001 传染             201/78…
[1A[JDownloading 001 传染             206/78…
[1A[JDownloading 001 传染             210/78…
[1A[JDownloading 001 传染             211/78…
[1A[JDownloading 001 传染             213/78…
[1A[JDownloading 001 传染             213/78…
[1A[JDownloading 001 传染             214/78…
[1A[JDownloading 001 传染             217/78…
[1A[JDownloading 001 传染             217/78…
[1A[JDownloading 001 传染             220/78…
[1A[JDownloading 001 传染             222/78…
[1A[JDownloading 001 传染             226/78…
[1A[JDownloading 001 传染             228/78…
[1A[JDownloading 001 传染             231/78…
[1A[JDownloading 001 传染             231/78…
[1A[JDownloading 001 传染             236/78…
[1A[JDownloading 001 传染             241/78…
[1A[JDownloading 001 传染             241/78…
[1A[JDownloading 001 传染             242/78…
[1A[JDownloading 001 传染             243/78…
[1A[JDownloading 001 传染             245/78…
[1A[JDownloading 001 传染             249/78…
[1A[JDownloading 001 传染             250/78…
[1A[JDownloading 001 传染             254/78…
[1A[JDownloading 001 传染             254/78…
[1A[JDownloading 001 传染             256/78…
[1A[JDownloading 001 传染             260/78…
[1A[JDownloading 001 传染             264/78…
[1A[JDownloading 001 传染             266/78…
[1A[JDownloading 001 传染             268/78…
[1A[JDownloading 001 传染             269/78…
[1A[JDownloading 001 传染             273/78…
[1A[JDownloading 001 传染             274/78…
[1A[JDownloading 001 传染             395/78…
[1A[JDownloading 001 传染             396/78…
[1A[JDownloading 001 传染             398/78…
[1A[JDownloading 001 传染             401/78…
[1A[JDownloading 001 传染             402/78…
[1A[JDownloading 001 传染             403/78…
[1A[JDownloading 001 传染             403/78…
[1A[JDownloading 001 传染             403/78…
[1A[JDownloading 001 传染             403/78…
[1A[JDownloading 001 传染             403/78…
[1A[JDownloading 001 传染             404/78…
[1A[JDownloading 001 传染             406/78…
[1A[JDownloading 001 传染             407/78…
[1A[JDownloading 001 传染             412/78…
[1A[JDownloading 001 传染             412/78…
[1A[JDownloading 001 传染             416/78…
[1A[JDownloading 001 传染             417/78…
[1A[JDownloading 001 传染             419/78…
[1A[JDownloading 001 传染             420/78…
[1A[JDownloading 001 传染             420/78…
[1A[JDownloading 001 传染             420/78…
[1A[JDownloading 006 都病了            421/7…
[1A[JDownloading 006 都病了            421/7…
[1A[JDownloading 007 新生             488/78…
[1A[JDownloading 007 新生             488/78…
[1A[JDownloading 007 新生             488/78…
[1A[JDownloading 007 新生             489/78…
[1A[JDownloading 007 新生             489/78…
[1A[JDownloading 007 新生             490/78…
[1A[JDownloading 007 新生             491/78…
[1A[JDownloading 007 新生             491/78…
[1A[JDownloading 007 新生             492/78…
[1A[JDownloading 007 新生             493/78…
[1A[JDownloading 007 新生             494/78…
[1A[JDownloading 007 新生             497/78…
[1A[JDownloading 007 新生             498/78…
[1A[JDownloading 007 新生             498/78…
[1A[JDownloading 007 新生             501/78…
[1A[JDownloading 007 新生             501/78…
[1A[JDownloading 007 新生             503/78…
[1A[JDownloading 007 新生             568/78…
[1A[JDownloading 007 新生             569/78…
[1A[JDownloading 007 新生             570/78…
[1A[JDownloading 007 新生             570/78…
[1A[JDownloading 008 庇护             570/78…
[1A[JDownloading 008 庇护             572/78…
[1A[JDownloading 008 庇护             574/78…
[1A[JDownloading 008 庇护             575/78…
[1A[JDownloading 008 庇护             577/78…
[1A[JDownloading 008 庇护             577/78…
[1A[JDownloading 008 庇护             579/78…
[1A[JDownloading 008 庇护             580/78…
[1A[JDownloading 008 庇护             582/78…
[1A[JDownloading 008 庇护             582/78…
[1A[JDownloading 008 庇护             582/78…
[1A[JDownloading 008 庇护             588/78…
[1A[JDownloading 008 庇护             590/78…
[1A[JDownloading 008 庇护             590/78…
[1A[JDownloading 008 庇护             593/78…
[1A[JDownloading 008 庇护             594/78…
[1A[JDownloading 009 锁链             596/78…
[1A[JDownloading 009 锁链             599/78…
[1A[JDownloading 009 锁链             601/78…
[1A[JDownloading 009 锁链             605/78…
[1A[JDownloading 009 锁链             606/78…
[1A[JDownloading 009 锁链             611/78…
[1A[JDownloading 009 锁链             613/78…
[1A[JDownloading 009 锁链             613/78…
[1A[JDownloading 009 锁链             615/78…
[1A[JDownloading 009 锁链             618/78…
[1A[JDownloading 009 锁链             619/78…
[1A[JDownloading 009 锁链             620/78…
[1A[JDownloading 009 锁链             621/78…
[1A[JDownloading 009 锁链             624/78…
[1A[JDownloading 009 锁链             627/78…
[1A[JDownloading 009 锁链             630/78…
[1A[JDownloading 009 锁链             633/78…
[1A[JDownloading 009 锁链             635/78…
[1A[JDownloading 009 锁链             637/78…
[1A[JDownloading 009 锁链             637/78…
[1A[JDownloading 009 锁链             640/78…
[1A[JDownloading 009 锁链             643/78…
[1A[JDownloading 009 锁链             648/78…
[1A[JDownloading 009 锁链             652/78…
[1A[JDownloading 009 锁链             654/78…
[1A[JDownloading 009 锁链             655/78…
[1A[JDownloading 009 锁链             657/78…
[1A[JDownloading 009 锁链             660/78…
[1A[JDownloading 009 锁链             661/78…
[1A[JDownloading 009 锁链             666/78…
[1A[JDownloading 009 锁链             669/78…
[1A[JDownloading 009 锁链             672/78…
[1A[JDownloading 009 锁链             675/78…
[1A[JDownloading 009 锁链             676/78…
[1A[JDownloading 009 锁链             677/78…
[1A[JDownloading 009 锁链             678/78…
[1A[JDownloading 009 锁链             679/78…
[1A[JDownloading 009 锁链             682/78…
[1A[JDownloading 009 锁链             684/78…
[1A[JDownloading 009 锁链             689/78…
[1A[JDownloading 009 锁链             690/78…
[1A[JDownloading 009 锁链             694/78…
[1A[JDownloading 009 锁链             697/78…
[1A[JDownloading 009 锁链             698/78…
[1A[JDownloading 009 锁链             702/78…
[1A[JDownloading 009 锁链             704/78…
[1A[JDownloading 009 锁链             705/78…
[1A[JDownloading 009 锁链             707/78…
[1A[JDownloading 009 锁链             709/78…
[1A[JDownloading 009 锁链             713/78…
[1A[JDownloading 009 锁链             714/78…
[1A[JDownloading 009 锁链             715/78…
[1A[JDownloading 009 锁链             717/78…
[1A[JDownloading 009 锁链             720/78…
[1A[JDownloading 009 锁链             721/78…
[1A[JDownloading 009 锁链             725/78…
[1A[JDownloading 009 锁链             725/78…
[1A[JDownloading 009 锁链             731/78…
[1A[JDownloading 009 锁链             733/78…
[1A[JDownloading 009 锁链             738/78…
[1A[JDownloading 009 锁链             741/78…
[1A[JDownloading 009 锁链             745/78…
[1A[JDownloading 009 锁链             747/78…
[1A[JDownloading 009 锁链             749/78…
[1A[JDownloading 009 锁链             751/78…
[1A[JDownloading 009 锁链             752/78…
[1A[JDownloading 009 锁链             755/78…
[1A[JDownloading 009 锁链             755/78…
[1A[JDownloading 009 锁链             757/78…
[1A[JDownloading 009 锁链             761/78…
[1A[JDownloading 009 锁链             764/78…
[1A[JDownloading 009 锁链             767/78…
[1A[JDownloading 009 锁链             768/78…
[1A[JDownloading 009 锁链             772/78…
[1A[JDownloading 009 锁链             773/78…
[1A[JDownloading 009 锁链             776/78…
[1A[JDownloading 009 锁链             777/78…
[1A[JDownloading 009 锁链             779/78…
[1A[JDownloading 009 锁链             781/78…
[1A[JDownloading 009 锁链             785/78…
[1A[JDownloading 009 锁链             787/78…
[1A[JDownloading 009 锁链             790/78…
[1A[JDownloading 009 锁链             795/78…
[1A[JDownloading 009 锁链             796/78…
[1A[JDownloading 009 锁链             800/78…
[1A[JDownloading 009 锁链             801/78…
[1A[JDownloading 009 锁链             805/78…
[1A[JDownloading 009 锁链             806/78…
[1A[JDownloading 009 锁链             810/78…
[1A[JDownloading 009 锁链             812/78…
[1A[JDownloading 009 锁链             812/78…
[1A[JDownloading 009 锁链             814/78…
[1A[JDownloading 009 锁链             820/78…
[1A[JDownloading 009 锁链             821/78…
[1A[JDownloading 009 锁链             822/78…
[1A[JDownloading 009 锁链             825/78…
[1A[JDownloading 009 锁链             827/78…
[1A[JDownloading 009 锁链             828/78…
[1A[JDownloading 009 锁链             832/78…
[1A[JDownloading 009 锁链             836/78…
[1A[JDownloading 009 锁链             899/78…
[1A[JDownloading 009 锁链             899/78…
[1A[JDownloading 009 锁链             902/78…
[1A[JDownloading 009 锁链             903/78…
[1A[JDownloading 009 锁链             904/78…
[1A[JDownloading 009 锁链             906/78…
[1A[JDownloading 009 锁链             974/78…
[1A[JDownloading 009 锁链             975/78…
[1A[JDownloading 009 锁链             976/78…
[1A[JDownloading 009 锁链             976/78…
[1A[JDownloading 009 锁链             977/78…
[1A[JDownloading 009 锁链             980/78…
[1A[JDownloading 009 锁链             980/78…
[1A[JDownloading 009 锁链             983/78…
[1A[JDownloading 009 锁链             984/78…
[1A[JDownloading 009 锁链             984/78…
[1A[JDownloading 009 锁链             986/78…
[1A[JDownloading 009 锁链             987/78…
[1A[JDownloading 009 锁链             987/78…
[1A[JDownloading 009 锁链             988/78…
[1A[JDownloading 009 锁链             989/78…
[1A[JDownloading 009 锁链             989/78…
[1A[JDownloading 10 要人              990/78…
[1A[JDownloading 10 要人              990/78…
[1A[JDownloading 10 要人              991/78…
[1A[JDownloading 10 要人              993/78…
[1A[JDownloading 10 要人              995/78…
[1A[JDownloading 011 院长             996/78…
[1A[JDownloading 011 院长             997/78…
[1A[JDownloading 011 院长             997/78…
[1A[JDownloading 011 院长             1058/7…
[1A[JDownloading 011 院长             1058/7…
[1A[JDownloading 011 院长             1058/7…
[1A[JDownloading 011 院长             1059/7…
[1A[JDownloading 011 院长             1061/7…
[1A[JDownloading 011 院长             1061/7…
[1A[JDownloading 011 院长             1062/7…
[1A[JDownloading 011 院长             1062/7…
[1A[JDownloading 011 院长             1063/7…
[1A[JDownloading 011 院长             1066/7…
[1A[JDownloading 011 院长             1067/7…
[1A[JDownloading 011 院长             1067/7…
[1A[JDownloading 011 院长             1071/7…
[1A[JDownloading 012 袭击             1074/7…
[1A[JDownloading 012 袭击             1077/7…
[1A[JDownloading 012 袭击             1218/7…
[1A[JDownloading 012 袭击             1220/7…
[1A[JDownloading 012 袭击             1220/7…
[1A[JDownloading 012 袭击             1300/7…
[1A[JDownloading 012 袭击             1300/7…
[1A[JDownloading 012 袭击             1301/7…
[1A[JDownloading 012 袭击             1303/7…
[1A[JDownloading 012 袭击             1305/7…
[1A[JDownloading 012 袭击             1307/7…
[1A[JDownloading 012 袭击             1307/7…
[1A[JDownloading 012 袭击             1308/7…
[1A[JDownloading 012 袭击             1309/7…
[1A[JDownloading 012 袭击             1311/7…
[1A[JDownloading 013 快跑             1313/7…
[1A[JDownloading 013 快跑             1313/7…
[1A[JDownloading 014 荆棘             1314/7…
[1A[JDownloading 014 荆棘             1315/7…
[1A[JDownloading 014 荆棘             1318/7…
[1A[JDownloading 014 荆棘             1323/7…
[1A[JDownloading 014 荆棘             1325/7…
[1A[JDownloading 014 荆棘             1326/7…
[1A[JDownloading 014 荆棘             1326/7…
[1A[JDownloading 014 荆棘             1326/7…
[1A[JDownloading 014 荆棘             1330/7…
[1A[JDownloading 014 荆棘             1332/7…
[1A[JDownloading 014 荆棘             1332/7…
[1A[JDownloading 014 荆棘             1333/7…
[1A[JDownloading 014 荆棘             1335/7…
[1A[JDownloading 014 荆棘             1340/7…
[1A[JDownloading 014 荆棘             1340/7…
[1A[JDownloading 014 荆棘             1344/7…
[1A[JDownloading 014 荆棘             1345/7…
[1A[JDownloading 014 荆棘             1346/7…
[1A[JDownloading 014 荆棘             1351/7…
[1A[JDownloading 014 荆棘             1351/7…
[1A[JDownloading 014 荆棘             1355/7…
[1A[JDownloading 014 荆棘             1358/7…
[1A[JDownloading 014 荆棘             1361/7…
[1A[JDownloading 014 荆棘             1361/7…
[1A[JDownloading 014 荆棘             1366/7…
[1A[JDownloading 014 荆棘             1368/7…
[1A[JDownloading 014 荆棘             1369/7…
[1A[JDownloading 014 荆棘             1373/7…
[1A[JDownloading 014 荆棘             1379/7…
[1A[JDownloading 014 荆棘             1380/7…
[1A[JDownloading 014 荆棘             1383/7…
[1A[JDownloading 014 荆棘             1386/7…
[1A[JDownloading 014 荆棘             1387/7…
[1A[JDownloading 014 荆棘             1393/7…
[1A[JDownloading 014 荆棘             1395/7…
[1A[JDownloading 014 荆棘             1397/7…
[1A[JDownloading 014 荆棘             1397/7…
[1A[JDownloading 014 荆棘             1402/7…
[1A[JDownloading 014 荆棘             1405/7…
[1A[JDownloading 014 荆棘             1405/7…
[1A[JDownloading 014 荆棘             1407/7…
[1A[JDownloading 014 荆棘             1409/7…
[1A[JDownloading 014 荆棘             1415/7…
[1A[JDownloading 014 荆棘             1420/7…
[1A[JDownloading 014 荆棘             1422/7…
[1A[JDownloading 014 荆棘             1423/7…
[1A[JDownloading 014 荆棘             1424/7…
[1A[JDownloading 014 荆棘             1428/7…
[1A[JDownloading 014 荆棘             1428/7…
[1A[JDownloading 014 荆棘             1431/7…
[1A[JDownloading 014 荆棘             1434/7…
[1A[JDownloading 014 荆棘             1434/7…
[1A[JDownloading 014 荆棘             1438/7…
[1A[JDownloading 014 荆棘             1441/7…
[1A[JDownloading 014 荆棘             1442/7…
[1A[JDownloading 014 荆棘             1442/7…
[1A[JDownloading 014 荆棘             1443/7…
[1A[JDownloading 014 荆棘             1446/7…
[1A[JDownloading 014 荆棘             1448/7…
[1A[JDownloading 014 荆棘             1452/7…
[1A[JDownloading 014 荆棘             1455/7…
[1A[JDownloading 014 荆棘             1460/7…
[1A[JDownloading 014 荆棘             1462/7…
[1A[JDownloading 014 荆棘             1462/7…
[1A[JDownloading 014 荆棘             1464/7…
[1A[JDownloading 014 荆棘             1464/7…
[1A[JDownloading 014 荆棘             1466/7…
[1A[JDownloading 014 荆棘             1468/7…
[1A[JDownloading 014 荆棘             1472/7…
[1A[JDownloading 014 荆棘             1472/7…
[1A[JDownloading 014 荆棘             1473/7…
[1A[JDownloading 014 荆棘             1474/7…
[1A[JDownloading 014 荆棘             1474/7…
[1A[JDownloading 014 荆棘             1478/7…
[1A[JDownloading 014 荆棘             1479/7…
[1A[JDownloading 014 荆棘             1484/7…
[1A[JDownloading 014 荆棘             1486/7…
[1A[JDownloading 014 荆棘             1489/7…
[1A[JDownloading 014 荆棘             1491/7…
[1A[JDownloading 014 荆棘             1493/7…
[1A[JDownloading 014 荆棘             1494/7…
[1A[JDownloading 014 荆棘             1498/7…
[1A[JDownloading 014 荆棘             1500/7…
[1A[JDownloading 014 荆棘             1503/7…
[1A[JDownloading 014 荆棘             1505/7…
[1A[JDownloading 014 荆棘             1508/7…
[1A[JDownloading 014 荆棘             1511/7…
[1A[JDownloading 014 荆棘             1513/7…
[1A[JDownloading 014 荆棘             1514/7…
[1A[JDownloading 014 荆棘             1514/7…
[1A[JDownloading 014 荆棘             1516/7…
[1A[JDownloading 014 荆棘             1518/7…
[1A[JDownloading 014 荆棘             1520/7…
[1A[JDownloading 014 荆棘             1525/7…
[1A[JDownloading 014 荆棘             1578/7…
[1A[JDownloading 014 荆棘             1579/7…
[1A[JDownloading 014 荆棘             1581/7…
[1A[JDownloading 014 荆棘             1581/7…
[1A[JDownloading 014 荆棘             1585/7…
[1A[JDownloading 014 荆棘             1585/7…
[1A[JDownloading 014 荆棘             1587/7…
[1A[JDownloading 014 荆棘             1587/7…
[1A[JDownloading 014 荆棘             1589/7…
[1A[JDownloading 014 荆棘             1590/7…
[1A[JDownloading 014 荆棘             1594/7…
[1A[JDownloading 014 荆棘             1596/7…
[1A[JDownloading 014 荆棘             1597/7…
[1A[JDownloading 014 荆棘             1647/7…
[1A[JDownloading 014 荆棘             1647/7…
[1A[JDownloading 014 荆棘             1648/7…
[1A[JDownloading 014 荆棘             1650/7…
[1A[JDownloading 014 荆棘             1722/7…
[1A[JDownloading 014 荆棘             1722/7…
[1A[JDownloading 014 荆棘             1773/7…
[1A[JDownloading 014 荆棘             1824/7…
[1A[JDownloading 015 眼睛             1824/7…
[1A[JDownloading 015 眼睛             1824/7…
[1A[JDownloading 015 眼睛             1824/7…
[1A[JDownloading 015 眼睛             1824/7…
[1A[JDownloading 015 眼睛             1824/7…
[1A[JDownloading 015 眼睛             1824/7…
[1A[JDownloading 015 眼睛             1824/7…
[1A[JDownloading 015 眼睛             1824/7…
[1A[JDownloading 015 眼睛             1824/7…
[1A[JDownloading 015 眼睛             1824/7…
[1A[JDownloading 015 眼睛             1824/7…
[1A[JDownloading 015 眼睛             1824/7…
[1A[JDownloading 015 眼睛             1824/7…
[1A[JDownloading 16 乐观              1824/7…
[1A[JDownloading 16 乐观              1824/7…
[1A[JDownloading 16 乐观              1825/7…
[1A[JDownloading 16 乐观              1825/7…
[1A[JDownloading 017 准备             1826/7…
[1A[JDownloading 017 准备             1826/7…
[1A[JDownloading 017 准备             1826/7…
[1A[JDownloading 017 准备             1828/7…
[1A[JDownloading 19 大招              1830/7…
[1A[JDownloading 19 大招              1832/7…
[1A[JDownloading 19 大招              1832/7…
[1A[JDownloading 19 大招              1834/7…
[1A[JDownloading 19 大招              1835/7…
[1A[JDownloading 19 大招              1835/7…
[1A[JDownloading 19 大招              1835/7…
[1A[JDownloading 19 大招              1835/7…
[1A[JDownloading 19 大招              1835/7…
[1A[JDownloading 19 大招              1839/7…
[1A[JDownloading 19 大招              1839/7…
[1A[JDownloading 19 大招              1841/7…
[1A[JDownloading 19 大招              1842/7…
[1A[JDownloading 19 大招              1844/7…
[1A[JDownloading 19 大招              1848/7…
[1A[JDownloading 19 大招              1850/7…
[1A[JDownloading 19 大招              1855/7…
[1A[JDownloading 19 大招              1861/7…
[1A[JDownloading 19 大招              1865/7…
[1A[JDownloading 19 大招              1867/7…
[1A[JDownloading 19 大招              1870/7…
[1A[JDownloading 19 大招              1870/7…
[1A[JDownloading 19 大招              1872/7…
[1A[JDownloading 19 大招              1873/7…
[1A[JDownloading 19 大招              1875/7…
[1A[JDownloading 19 大招              1876/7…
[1A[JDownloading 19 大招              1876/7…
[1A[JDownloading 19 大招              1879/7…
[1A[JDownloading 19 大招              1881/7…
[1A[JDownloading 19 大招              1887/7…
[1A[JDownloading 19 大招              1888/7…
[1A[JDownloading 19 大招              1892/7…
[1A[JDownloading 19 大招              1893/7…
[1A[JDownloading 19 大招              1896/7…
[1A[JDownloading 19 大招              1899/7…
[1A[JDownloading 19 大招              1900/7…
[1A[JDownloading 19 大招              1902/7…
[1A[JDownloading 19 大招              1906/7…
[1A[JDownloading 19 大招              1906/7…
[1A[JDownloading 19 大招              1909/7…
[1A[JDownloading 19 大招              1911/7…
[1A[JDownloading 19 大招              1912/7…
[1A[JDownloading 19 大招              1914/7…
[1A[JDownloading 19 大招              1915/7…
[1A[JDownloading 19 大招              1915/7…
[1A[JDownloading 19 大招              1917/7…
[1A[JDownloading 19 大招              1917/7…
[1A[JDownloading 19 大招              1920/7…
[1A[JDownloading 19 大招              1921/7…
[1A[JDownloading 19 大招              1924/7…
[1A[JDownloading 19 大招              1928/7…
[1A[JDownloading 19 大招              1931/7…
[1A[JDownloading 19 大招              1934/7…
[1A[JDownloading 19 大招              1936/7…
[1A[JDownloading 19 大招              1939/7…
[1A[JDownloading 19 大招              1941/7…
[1A[JDownloading 19 大招              1946/7…
[1A[JDownloading 19 大招              1948/7…
[1A[JDownloading 19 大招              1948/7…
[1A[JDownloading 19 大招              1950/7…
[1A[JDownloading 19 大招              1951/7…
[1A[JDownloading 19 大招              1956/7…
[1A[JDownloading 19 大招              1958/7…
[1A[JDownloading 19 大招              1959/7…
[1A[JDownloading 19 大招              1961/7…
[1A[JDownloading 19 大招              1961/7…
[1A[JDownloading 19 大招              1965/7…
[1A[JDownloading 19 大招              1968/7…
[1A[JDownloading 19 大招              1970/7…
[1A[JDownloading 19 大招              1974/7…
[1A[JDownloading 19 大招              1975/7…
[1A[JDownloading 19 大招              1979/7…
[1A[JDownloading 19 大招              1981/7…
[1A[JDownloading 19 大招              1984/7…
[1A[JDownloading 19 大招              1986/7…
[1A[JDownloading 19 大招              1989/7…
[1A[JDownloading 19 大招              1990/7…
[1A[JDownloading 19 大招              1990/7…
[1A[JDownloading 19 大招              1994/7…
[1A[JDownloading 19 大招              1997/7…
[1A[JDownloading 19 大招              1997/7…
[1A[JDownloading 19 大招              1999/7…
[1A[JDownloading 19 大招              2003/7…
[1A[JDownloading 19 大招              2006/7…
[1A[JDownloading 19 大招              2008/7…
[1A[JDownloading 19 大招              2008/7…
[1A[JDownloading 19 大招              2010/7…
[1A[JDownloading 19 大招              2012/7…
[1A[JDownloading 19 大招              2016/7…
[1A[JDownloading 19 大招              2018/7…
[1A[JDownloading 19 大招              2019/7…
[1A[JDownloading 19 大招              2021/7…
[1A[JDownloading 19 大招              2027/7…
[1A[JDownloading 19 大招              2030/7…
[1A[JDownloading 19 大招              2031/7…
[1A[JDownloading 19 大招              2034/7…
[1A[JDownloading 19 大招              2038/7…
[1A[JDownloading 19 大招              2039/7…
[1A[JDownloading 19 大招              2041/7…
[1A[JDownloading 19 大招              2041/7…
[1A[JDownloading 19 大招              2043/7…
[1A[JDownloading 19 大招              2046/7…
[1A[JDownloading 19 大招              2047/7…
[1A[JDownloading 19 大招              2049/7…
[1A[JDownloading 19 大招              2051/7…
[1A[JDownloading 19 大招              2053/7…
[1A[JDownloading 19 大招              2055/7…
[1A[JDownloading 19 大招              2058/7…
[1A[JDownloading 19 大招              2059/7…
[1A[JDownloading 19 大招              2065/7…
[1A[JDownloading 19 大招              2071/7…
[1A[JDownloading 19 大招              2135/7…
[1A[JDownloading 19 大招              2136/7…
[1A[JDownloading 19 大招              2136/7…
[1A[JDownloading 19 大招              2137/7…
[1A[JDownloading 19 大招              2140/7…
[1A[JDownloading 19 大招              2197/7…
[1A[JDownloading 19 大招              2197/7…
[1A[JDownloading 19 大招              2251/7…
[1A[JDownloading 19 大招              2252/7…
[1A[JDownloading 19 大招              2252/7…
[1A[JDownloading 19 大招              2253/7…
[1A[JDownloading 19 大招              2254/7…
[1A[JDownloading 19 大招              2254/7…
[1A[JDownloading 19 大招              2256/7…
[1A[JDownloading 19 大招              2257/7…
[1A[JDownloading 19 大招              2257/7…
[1A[JDownloading 19 大招              2257/7…
[1A[JDownloading 19 大招              2257/7…
[1A[JDownloading 19 大招              2259/7…
[1A[JDownloading 19 大招              2260/7…
[1A[JDownloading 022 开会             2260/7…
[1A[JDownloading 022 开会             2262/7…
[1A[JDownloading 022 开会             2262/7…
[1A[JDownloading 020 冲动             2263/7…
[1A[JDownloading 020 冲动             2265/7…
[1A[JDownloading 020 冲动             2266/7…
[1A[JDownloading 21 失控              2266/7…
[1A[JDownloading 21 失控              2266/7…
[1A[JDownloading 21 失控              2267/7…
[1A[JDownloading 21 失控              2267/7…
[1A[JDownloading 21 失控              2267/7…
[1A[JDownloading 21 失控              2267/7…
[1A[JDownloading 21 失控              2267/7…
[1A[JDownloading 21 失控              2268/7…
[1A[JDownloading 21 失控              2269/7…
[1A[JDownloading 21 失控              2269/7…
[1A[JDownloading 21 失控              2270/7…
[1A[JDownloading 21 失控              2272/7…
[1A[JDownloading 21 失控              2275/7…
[1A[JDownloading 21 失控              2277/7…
[1A[JDownloading 21 失控              2279/7…
[1A[JDownloading 21 失控              2282/7…
[1A[JDownloading 21 失控              2286/7…
[1A[JDownloading 21 失控              2286/7…
[1A[JDownloading 21 失控              2287/7…
[1A[JDownloading 21 失控              2288/7…
[1A[JDownloading 21 失控              2290/7…
[1A[JDownloading 21 失控              2291/7…
[1A[JDownloading 21 失控              2293/7…
[1A[JDownloading 21 失控              2293/7…
[1A[JDownloading 21 失控              2293/7…
[1A[JDownloading 21 失控              2293/7…
[1A[JDownloading 21 失控              2293/7…
[1A[JDownloading 21 失控              2295/7…
[1A[JDownloading 21 失控              2297/7…
[1A[JDownloading 21 失控              2299/7…
[1A[JDownloading 21 失控              2299/7…
[1A[JDownloading 21 失控              2299/7…
[1A[JDownloading 21 失控              2301/7…
[1A[JDownloading 21 失控              2304/7…
[1A[JDownloading 21 失控              2304/7…
[1A[JDownloading 21 失控              2307/7…
[1A[JDownloading 21 失控              2309/7…
[1A[JDownloading 21 失控              2313/7…
[1A[JDownloading 21 失控              2313/7…
[1A[JDownloading 21 失控              2315/7…
[1A[JDownloading 21 失控              2317/7…
[1A[JDownloading 21 失控              2318/7…
[1A[JDownloading 21 失控              2318/7…
[1A[JDownloading 21 失控              2319/7…
[1A[JDownloading 21 失控              2321/7…
[1A[JDownloading 21 失控              2322/7…
[1A[JDownloading 21 失控              2379/7…
[1A[JDownloading 21 失控              2379/7…
[1A[JDownloading 21 失控              2382/7…
[1A[JDownloading 21 失控              2383/7…
[1A[JDownloading 21 失控              2384/7…
[1A[JDownloading 21 失控              2384/7…
[1A[JDownloading 21 失控              2387/7…
[1A[JDownloading 21 失控              2388/7…
[1A[JDownloading 21 失控              2390/7…
[1A[JDownloading 21 失控              2391/7…
[1A[JDownloading 21 失控              2394/7…
[1A[JDownloading 21 失控              2397/7…
[1A[JDownloading 21 失控              2398/7…
[1A[JDownloading 21 失控              2398/7…
[1A[JDownloading 21 失控              2399/7…
[1A[JDownloading 21 失控              2401/7…
[1A[JDownloading 21 失控              2402/7…
[1A[JDownloading 21 失控              2404/7…
[1A[JDownloading 21 失控              2405/7…
[1A[JDownloading 21 失控              2405/7…
[1A[JDownloading 21 失控              2406/7…
[1A[JDownloading 023 斩              2406/78…
[1A[JDownloading 023 斩              2410/78…
[1A[JDownloading 023 斩              2413/78…
[1A[JDownloading 023 斩              2415/78…
[1A[JDownloading 023 斩              2415/78…
[1A[JDownloading 023 斩              2415/78…
[1A[JDownloading 023 斩              2417/78…
[1A[JDownloading 023 斩              2421/78…
[1A[JDownloading 023 斩              2421/78…
[1A[JDownloading 023 斩              2422/78…
[1A[JDownloading 023 斩              2425/78…
[1A[JDownloading 023 斩              2427/78…
[1A[JDownloading 023 斩              2428/78…
[1A[JDownloading 023 斩              2428/78…
[1A[JDownloading 023 斩              2430/78…
[1A[JDownloading 023 斩              2433/78…
[1A[JDownloading 023 斩              2434/78…
[1A[JDownloading 023 斩              2434/78…
[1A[JDownloading 023 斩              2435/78…
[1A[JDownloading 023 斩              2436/78…
[1A[JDownloading 023 斩              2438/78…
[1A[JDownloading 023 斩              2439/78…
[1A[JDownloading 023 斩              2443/78…
[1A[JDownloading 023 斩              2446/78…
[1A[JDownloading 023 斩              2446/78…
[1A[JDownloading 023 斩              2448/78…
[1A[JDownloading 023 斩              2451/78…
[1A[JDownloading 023 斩              2453/78…
[1A[JDownloading 023 斩              2454/78…
[1A[JDownloading 023 斩              2454/78…
[1A[JDownloading 023 斩              2454/78…
[1A[JDownloading 023 斩              2455/78…
[1A[JDownloading 023 斩              2455/78…
[1A[JDownloading 023 斩              2456/78…
[1A[JDownloading 023 斩              2459/78…
[1A[JDownloading 023 斩              2459/78…
[1A[JDownloading 023 斩              2460/78…
[1A[JDownloading 023 斩              2528/78…
[1A[JDownloading 023 斩              2531/78…
[1A[JDownloading 023 斩              2532/78…
[1A[JDownloading 023 斩              2537/78…
[1A[JDownloading 023 斩              2540/78…
[1A[JDownloading 023 斩              2540/78…
[1A[JDownloading 023 斩              2542/78…
[1A[JDownloading 023 斩              2543/78…
[1A[JDownloading 023 斩              2545/78…
[1A[JDownloading 023 斩              2546/78…
[1A[JDownloading 023 斩              2590/78…
[1A[JDownloading 023 斩              2591/78…
[1A[JDownloading 024 院长             2592/7…
[1A[JDownloading 024 院长             2593/7…
[1A[JDownloading 024 院长             2594/7…
[1A[JDownloading 024 院长             2595/7…
[1A[JDownloading 024 院长             2596/7…
[1A[JDownloading 024 院长             2597/7…
[1A[JDownloading 024 院长             2597/7…
[1A[JDownloading 024 院长             2599/7…
[1A[JDownloading 024 院长             2600/7…
[1A[JDownloading 024 院长             2604/7…
[1A[JDownloading 025 摆脱             2606/7…
[1A[JDownloading 025 摆脱             2608/7…
[1A[JDownloading 025 摆脱             2609/7…
[1A[JDownloading 025 摆脱             2609/7…
[1A[JDownloading 025 摆脱             2610/7…
[1A[JDownloading 025 摆脱             2613/7…
[1A[JDownloading 025 摆脱             2614/7…
[1A[JDownloading 025 摆脱             2614/7…
[1A[JDownloading 025 摆脱             2614/7…
[1A[JDownloading 025 摆脱             2616/7…
[1A[JDownloading 025 摆脱             2617/7…
[1A[JDownloading 025 摆脱             2618/7…
[1A[JDownloading 025 摆脱             2621/7…
[1A[JDownloading 025 摆脱             2622/7…
[1A[JDownloading 025 摆脱             2624/7…
[1A[JDownloading 025 摆脱             2626/7…
[1A[JDownloading 025 摆脱             2630/7…
[1A[JDownloading 025 摆脱             2691/7…
[1A[JDownloading 025 摆脱             2693/7…
[1A[JDownloading 025 摆脱             2695/7…
[1A[JDownloading 025 摆脱             2698/7…
[1A[JDownloading 025 摆脱             2699/7…
[1A[JDownloading 025 摆脱             2702/7…
[1A[JDownloading 025 摆脱             2705/7…
[1A[JDownloading 025 摆脱             2705/7…
[1A[JDownloading 025 摆脱             2764/7…
[1A[JDownloading 025 摆脱             2765/7…
[1A[JDownloading 025 摆脱             2765/7…
[1A[JDownloading 025 摆脱             2766/7…
[1A[JDownloading 025 摆脱             2767/7…
[1A[JDownloading 026 抓捕             2768/7…
[1A[JDownloading 026 抓捕             2768/7…
[1A[JDownloading 026 抓捕             2768/7…
[1A[JDownloading 026 抓捕             2772/7…
[1A[JDownloading 026 抓捕             2776/7…
[1A[JDownloading 026 抓捕             2777/7…
[1A[JDownloading 026 抓捕             2779/7…
[1A[JDownloading 026 抓捕             2785/7…
[1A[JDownloading 027 问罪             2785/7…
[1A[JDownloading 027 问罪             2785/7…
[1A[JDownloading 027 问罪             2785/7…
[1A[JDownloading 027 问罪             2787/7…
[1A[JDownloading 027 问罪             2787/7…
[1A[JDownloading 027 问罪             2790/7…
[1A[JDownloading 027 问罪             2791/7…
[1A[JDownloading 027 问罪             2791/7…
[1A[JDownloading 027 问罪             2792/7…
[1A[JDownloading 027 问罪             2793/7…
[1A[JDownloading 027 问罪             2796/7…
[1A[JDownloading 027 问罪             2799/7…
[1A[JDownloading 027 问罪             2803/7…
[1A[JDownloading 027 问罪             2803/7…
[1A[JDownloading 027 问罪             2804/7…
[1A[JDownloading 027 问罪             2806/7…
[1A[JDownloading 027 问罪             2808/7…
[1A[JDownloading 027 问罪             2811/7…
[1A[JDownloading 027 问罪             2814/7…
[1A[JDownloading 027 问罪             2817/7…
[1A[JDownloading 027 问罪             2821/7…
[1A[JDownloading 027 问罪             2825/7…
[1A[JDownloading 027 问罪             2828/7…
[1A[JDownloading 027 问罪             2830/7…
[1A[JDownloading 027 问罪             2832/7…
[1A[JDownloading 027 问罪             2833/7…
[1A[JDownloading 027 问罪             2835/7…
[1A[JDownloading 027 问罪             2837/7…
[1A[JDownloading 027 问罪             2839/7…
[1A[JDownloading 027 问罪             2840/7…
[1A[JDownloading 027 问罪             2841/7…
[1A[JDownloading 027 问罪             2842/7…
[1A[JDownloading 027 问罪             2844/7…
[1A[JDownloading 027 问罪             2844/7…
[1A[JDownloading 027 问罪             2845/7…
[1A[JDownloading 027 问罪             2848/7…
[1A[JDownloading 027 问罪             2849/7…
[1A[JDownloading 027 问罪             2853/7…
[1A[JDownloading 027 问罪             2853/7…
[1A[JDownloading 027 问罪             2853/7…
[1A[JDownloading 027 问罪             2855/7…
[1A[JDownloading 027 问罪             2859/7…
[1A[JDownloading 027 问罪             2861/7…
[1A[JDownloading 027 问罪             2867/7…
[1A[JDownloading 027 问罪             2871/7…
[1A[JDownloading 027 问罪             2872/7…
[1A[JDownloading 027 问罪             2873/7…
[1A[JDownloading 027 问罪             2875/7…
[1A[JDownloading 027 问罪             2875/7…
[1A[JDownloading 027 问罪             2876/7…
[1A[JDownloading 027 问罪             2876/7…
[1A[JDownloading 027 问罪             2877/7…
[1A[JDownloading 027 问罪             2879/7…
[1A[JDownloading 027 问罪             2944/7…
[1A[JDownloading 027 问罪             2945/7…
[1A[JDownloading 027 问罪             2945/7…
[1A[JDownloading 027 问罪             2946/7…
[1A[JDownloading 027 问罪             2946/7…
[1A[JDownloading 027 问罪             2949/7…
[1A[JDownloading 027 问罪             2951/7…
[1A[JDownloading 027 问罪             2953/7…
[1A[JDownloading 027 问罪             2954/7…
[1A[JDownloading 027 问罪             2956/7…
[1A[JDownloading 027 问罪             2960/7…
[1A[JDownloading 027 问罪             2962/7…
[1A[JDownloading 027 问罪             2963/7…
[1A[JDownloading 027 问罪             2963/7…
[1A[JDownloading 027 问罪             2964/7…
[1A[JDownloading 027 问罪             2964/7…
[1A[JDownloading 027 问罪             2965/7…
[1A[JDownloading 027 问罪             2966/7…
[1A[JDownloading 027 问罪             2967/7…
[1A[JDownloading 027 问罪             2970/7…
[1A[JDownloading 027 问罪             2970/7…
[1A[JDownloading 027 问罪             2971/7…
[1A[JDownloading 028 直播             2972/7…
[1A[JDownloading 028 直播             2974/7…
[1A[JDownloading 028 直播             2976/7…
[1A[JDownloading 028 直播             2977/7…
[1A[JDownloading 028 直播             2977/7…
[1A[JDownloading 028 直播             2977/7…
[1A[JDownloading 028 直播             2978/7…
[1A[JDownloading 028 直播             2979/7…
[1A[JDownloading 028 直播             2979/7…
[1A[JDownloading 028 直播             2980/7…
[1A[JDownloading 028 直播             2980/7…
[1A[JDownloading 028 直播             2981/7…
[1A[JDownloading 028 直播             2982/7…
[1A[JDownloading 028 直播             2984/7…
[1A[JDownloading 028 直播             2984/7…
[1A[JDownloading 028 直播             2988/7…
[1A[JDownloading 028 直播             2989/7…
[1A[JDownloading 028 直播             2992/7…
[1A[JDownloading 028 直播             2992/7…
[1A[JDownloading 028 直播             2993/7…
[1A[JDownloading 028 直播             2997/7…
[1A[JDownloading 028 直播             2997/7…
[1A[JDownloading 028 直播             3000/7…
[1A[JDownloading 028 直播             3002/7…
[1A[JDownloading 028 直播             3004/7…
[1A[JDownloading 028 直播             3004/7…
[1A[JDownloading 028 直播             3004/7…
[1A[JDownloading 028 直播             3004/7…
[1A[JDownloading 028 直播             3007/7…
[1A[JDownloading 028 直播             3009/7…
[1A[JDownloading 028 直播             3009/7…
[1A[JDownloading 028 直播             3009/7…
[1A[JDownloading 028 直播             3009/7…
[1A[JDownloading 028 直播             3010/7…
[1A[JDownloading 028 直播             3010/7…
[1A[JDownloading 028 直播             3011/7…
[1A[JDownloading 028 直播             3012/7…
[1A[JDownloading 028 直播             3013/7…
[1A[JDownloading 028 直播             3013/7…
[1A[JDownloading 028 直播             3016/7…
[1A[JDownloading 028 直播             3018/7…
[1A[JDownloading 028 直播             3020/7…
[1A[JDownloading 028 直播             3020/7…
[1A[JDownloading 028 直播             3021/7…
[1A[JDownloading 028 直播             3021/7…
[1A[JDownloading 028 直播             3021/7…
[1A[JDownloading 028 直播             3021/7…
[1A[JDownloading 028 直播             3021/7…
[1A[JDownloading 028 直播             3021/7…
[1A[JDownloading 028 直播             3022/7…
[1A[JDownloading 028 直播             3022/7…
[1A[JDownloading 028 直播             3069/7…
[1A[JDownloading 028 直播             3069/7…
[1A[JDownloading 028 直播             3069/7…
[1A[JDownloading 028 直播             3069/7…
[1A[JDownloading 028 直播             3069/7…
[1A[JDownloading 028 直播             3112/7…
[1A[JDownloading 028 直播             3112/7…
[1A[JDownloading 028 直播             3112/7…
[1A[JDownloading 028 直播             3113/7…
[1A[JDownloading 028 直播             3113/7…
[1A[JDownloading 028 直播             3114/7…
[1A[JDownloading 028 直播             3115/7…
[1A[JDownloading 29 小饼干（上）          31…
[1A[JDownloading 29 小饼干（上）          31…
[1A[JDownloading 29 小饼干（上）          31…
[1A[JDownloading 29 小饼干（上）          31…
[1A[JDownloading 29 小饼干（上）          31…
[1A[JDownloading 29 小饼干（上）          31…
[1A[JDownloading 29 小饼干 （下）         31…
[1A[JDownloading 29 小饼干 （下）         31…
[1A[JDownloading 29 小饼干 （下）         31…
[1A[JDownloading 29 小饼干 （下）         31…
[1A[JDownloading 29 小饼干 （下）         31…
[1A[JDownloading 29 小饼干 （下）         31…
[1A[JDownloading 29 小饼干 （下）         31…
[1A[JDownloading 29 小饼干 （下）         31…
[1A[JDownloading 29 小饼干 （下）         31…
[1A[JDownloading 29 小饼干 （下）         31…
[1A[JDownloading 29 小饼干 （下）         31…
[1A[JDownloading 29 小饼干 （下）         31…
[1A[JDownloading 29 小饼干 （下）         31…
[1A[JDownloading 29 小饼干 （下）         31…
[1A[JDownloading 29 小饼干 （下）         31…
[1A[JDownloading 030 救命（上）          316…
[1A[JDownloading 030 救命（上）          317…
[1A[JDownloading 030 救命（上）          317…
[1A[JDownloading 030 救命（上）          317…
[1A[JDownloading 030 救命（上）          317…
[1A[JDownloading 030 救命（上）          317…
[1A[JDownloading 030 救命（上）          317…
[1A[JDownloading 030 救命（上）          317…
[1A[JDownloading 030 救命（上）          317…
[1A[JDownloading 030 救命（上）          318…
[1A[JDownloading 030 救命（上）          318…
[1A[JDownloading 030 救命（上）          318…
[1A[JDownloading 030 救命（上）          318…
[1A[JDownloading 030 救命（上）          318…
[1A[JDownloading 030 救命（上）          318…
[1A[JDownloading 030 救命（上）          319…
[1A[JDownloading 030 救命（上）          319…
[1A[JDownloading 030 救命（上）          319…
[1A[JDownloading 030 救命（上）          319…
[1A[JDownloading 030 救命（上）          319…
[1A[JDownloading 030 救命（上）          319…
[1A[JDownloading 030 救命（上）          319…
[1A[JDownloading 030 救命（上）          320…
[1A[JDownloading 030 救命（上）          320…
[1A[JDownloading 030 救命（上）          320…
[1A[JDownloading 030 救命（上）          320…
[1A[JDownloading 030 救命（上）          320…
[1A[JDownloading 030 救命（上）          320…
[1A[JDownloading 030 救命（上）          320…
[1A[JDownloading 030 救命（上）          321…
[1A[JDownloading 030 救命（上）          321…
[1A[JDownloading 030 救命（上）          321…
[1A[JDownloading 030 救命（上）          322…
[1A[JDownloading 030 救命（上）          322…
[1A[JDownloading 030 救命（上）          322…
[1A[JDownloading 030 救命（上）          322…
[1A[JDownloading 030 救命（上）          323…
[1A[JDownloading 030 救命（上）          323…
[1A[JDownloading 030 救命（上）          323…
[1A[JDownloading 030 救命（上）          323…
[1A[JDownloading 030 救命（上）          323…
[1A[JDownloading 030 救命（上）          323…
[1A[JDownloading 030 救命（上）          323…
[1A[JDownloading 030 救命（上）          323…
[1A[JDownloading 030 救命（上）          323…
[1A[JDownloading 030 救命（上）          323…
[1A[JDownloading 030 救命（上）          328…
[1A[JDownloading 030 救命（上）          328…
[1A[JDownloading 030 救命（上）          329…
[1A[JDownloading 030 救命（上）          329…
[1A[JDownloading 030 救命（上）          329…
[1A[JDownloading 030 救命（上）          330…
[1A[JDownloading 030 救命（上）          333…
[1A[JDownloading 030 救命（上）          333…
[1A[JDownloading 030 救命（上）          333…
[1A[JDownloading 030 救命（上）          334…
[1A[JDownloading 030 救命（上）          334…
[1A[JDownloading 030 救命（上）          334…
[1A[JDownloading 030 救命 （下）         334…
[1A[JDownloading 030 救命 （下）         334…
[1A[JDownloading 030 救命 （下）         334…
[1A[JDownloading 030 救命 （下）         334…
[1A[JDownloading 030 救命 （下）         334…
[1A[JDownloading 030 救命 （下）         334…
[1A[JDownloading 31 社会（上）           334…
[1A[JDownloading 31 社会（上）           334…
[1A[JDownloading 31 社会（上）           334…
[1A[JDownloading 31 社会（上）           334…
[1A[JDownloading 31 社会（上）           334…
[1A[JDownloading 31 社会（上）           334…
[1A[JDownloading 31 社会（上）           334…
[1A[JDownloading 31 社会（上）           335…
[1A[JDownloading 31 社会（上）           335…
[1A[JDownloading 31 社会（上）           335…
[1A[JDownloading 31 社会（上）           335…
[1A[JDownloading 31 社会（上）           335…
[1A[JDownloading 31 社会（上）           338…
[1A[JDownloading 31 社会（上）           338…
[1A[JDownloading 31 社会（上）           338…
[1A[JDownloading 31 社会（上）           338…
[1A[JDownloading 31 社会（上）           339…
[1A[JDownloading 31 社会（上）           339…
[1A[JDownloading 31 社会（上）           339…
[1A[JDownloading 31 社会（上）           339…
[1A[JDownloading 31 社会（上）           339…
[1A[JDownloading 31 社会（上）           339…
[1A[JDownloading 31 社会（上）           340…
[1A[JDownloading 31 社会（上）           340…
[1A[JDownloading 31 社会（下）           340…
[1A[JDownloading 31 社会（下）           340…
[1A[JDownloading 31 社会（下）           340…
[1A[JDownloading 31 社会（下）           340…
[1A[JDownloading 31 社会（下）           340…
[1A[JDownloading 31 社会（下）           340…
[1A[JDownloading 31 社会（下）           340…
[1A[JDownloading 31 社会（下）           340…
[1A[JDownloading 31 社会（下）           340…
[1A[JDownloading 31 社会（下）           340…
[1A[JDownloading 31 社会（下）           341…
[1A[JDownloading 31 社会（下）           341…
[1A[JDownloading 31 社会（下）           341…
[1A[JDownloading 31 社会（下）           341…
[1A[JDownloading 31 社会（下）           341…
[1A[JDownloading 31 社会（下）           342…
[1A[JDownloading 31 社会（下）           342…
[1A[JDownloading 31 社会（下）           342…
[1A[JDownloading 31 社会（下）           342…
[1A[JDownloading 31 社会（下）           343…
[1A[JDownloading 31 社会（下）           343…
[1A[JDownloading 31 社会（下）           343…
[1A[JDownloading 31 社会（下）           343…
[1A[JDownloading 31 社会（下）           343…
[1A[JDownloading 31 社会（下）           350…
[1A[JDownloading 31 社会（下）           351…
[1A[JDownloading 31 社会（下）           351…
[1A[JDownloading 31 社会（下）           351…
[1A[JDownloading 31 社会（下）           351…
[1A[JDownloading 31 社会（下）           351…
[1A[JDownloading 31 社会（下）           351…
[1A[JDownloading 31 社会（下）           351…
[1A[JDownloading 31 社会（下）           351…
[1A[JDownloading 31 社会（下）           351…
[1A[JDownloading 31 社会（下）           352…
[1A[JDownloading 31 社会（下）           352…
[1A[JDownloading 032 曲维迎 （上）        35…
[1A[JDownloading 032 曲维迎 （上）        35…
[1A[JDownloading 032 曲维迎 （上）        35…
[1A[JDownloading 032 曲维迎 （上）        35…
[1A[JDownloading 032 曲维迎 （上）        35…
[1A[JDownloading 032 曲维迎 （上）        35…
[1A[JDownloading 032 曲维迎 （上）        35…
[1A[JDownloading 032 曲维迎 （上）        35…
[1A[JDownloading 032 曲维迎 （上）        35…
[1A[JDownloading 032 曲维迎 （上）        35…
[1A[JDownloading 032 曲维迎 （上）        35…
[1A[JDownloading 032 曲维迎 （上）        35…
[1A[JDownloading 032 曲维迎 （上）        35…
[1A[JDownloading 032 曲维迎 （上）        35…
[1A[JDownloading 032 曲维迎 （上）        35…
[1A[JDownloading 032 曲维迎 （上）        35…
[1A[JDownloading 032 曲维迎 （上）        36…
[1A[JDownloading 032 曲维迎 （上）        36…
[1A[JDownloading 032 曲维迎 （上）        36…
[1A[JDownloading 032 曲维迎 （上）        36…
[1A[JDownloading 032 曲维迎 （上）        36…
[1A[JDownloading 032 曲维迎 （上）        36…
[1A[JDownloading 032 曲维迎 （上）        36…
[1A[JDownloading 032 曲维迎 （上）        36…
[1A[JDownloading 032 曲维迎 （上）        36…
[1A[JDownloading 032 曲维迎 （上）        36…
[1A[JDownloading 032 曲维迎 （上）        36…
[1A[JDownloading 032 曲维迎 （上）        36…
[1A[JDownloading 033 追捕队（上）         36…
[1A[JDownloading 033 追捕队（上）         36…
[1A[JDownloading 033 追捕队（上）         36…
[1A[JDownloading 033 追捕队（上）         36…
[1A[JDownloading 033 追捕队（上）         36…
[1A[JDownloading 033 追捕队（上）         36…
[1A[JDownloading 033 追捕队（上）         36…
[1A[JDownloading 033 追捕队（上）         36…
[1A[JDownloading 033 追捕队（上）         36…
[1A[JDownloading 033 追捕队（上）         36…
[1A[JDownloading 033 追捕队（上）         36…
[1A[JDownloading 033 追捕队（上）         36…
[1A[JDownloading 033 追捕队（上）         36…
[1A[JDownloading 033 追捕队（上）         36…
[1A[JDownloading 033 追捕队（上）         36…
[1A[JDownloading 033 追捕队（上）         36…
[1A[JDownloading 033 追捕队（上）         36…
[1A[JDownloading 033 追捕队（上）         36…
[1A[JDownloading 033 追捕队（上）         36…
[1A[JDownloading 033 追捕队（上）         36…
[1A[JDownloading 033 追捕队（上）         36…
[1A[JDownloading 033 追捕队（上）         36…
[1A[JDownloading 033 追捕队（上）         36…
[1A[JDownloading 033 追捕队（上）         36…
[1A[JDownloading 033 追捕队（上）         36…
[1A[JDownloading 033 追捕队（上）         36…
[1A[JDownloading 033 追捕队（上）         36…
[1A[JDownloading 033 追捕队（上）         36…
[1A[JDownloading 033 追捕队（上）         36…
[1A[JDownloading 033 追捕队（上）         36…
[1A[JDownloading 033 追捕队（上）         36…
[1A[JDownloading 033 追捕队（上）         36…
[1A[JDownloading 033 追捕队（上）         36…
[1A[JDownloading 033 追捕队（上）         36…
[1A[JDownloading 033 追捕队（上）         36…
[1A[JDownloading 033 追捕队（上）         36…
[1A[JDownloading 033 追捕队（上）         36…
[1A[JDownloading 033 追捕队（中）         36…
[1A[JDownloading 033 追捕队（中）         36…
[1A[JDownloading 033 追捕队（中）         36…
[1A[JDownloading 033 追捕队（中）         36…
[1A[JDownloading 033 追捕队（中）         36…
[1A[JDownloading 033 追捕队（中）         36…
[1A[JDownloading 033 追捕队（中）         36…
[1A[JDownloading 033 追捕队（中）         37…
[1A[JDownloading 033 追捕队（中）         37…
[1A[JDownloading 033 追捕队（中）         37…
[1A[JDownloading 033 追捕队（中）         37…
[1A[JDownloading 033 追捕队（中）         37…
[1A[JDownloading 033 追捕队（中）         37…
[1A[JDownloading 033 追捕队（中）         37…
[1A[JDownloading 033 追捕队（中）         37…
[1A[JDownloading 033 追捕队（中）         37…
[1A[JDownloading 033 追捕队（中）         37…
[1A[JDownloading 033 追捕队（中）         37…
[1A[JDownloading 033 追捕队（中）         37…
[1A[JDownloading 033 追捕队（下）         37…
[1A[JDownloading 033 追捕队（下）         37…
[1A[JDownloading 033 追捕队（下）         37…
[1A[JDownloading 033 追捕队（下）         37…
[1A[JDownloading 033 追捕队（下）         37…
[1A[JDownloading 033 追捕队（下）         37…
[1A[JDownloading 033 追捕队（下）         37…
[1A[JDownloading 033 追捕队（下）         37…
[1A[JDownloading 033 追捕队（下）         37…
[1A[JDownloading 033 追捕队（下）         37…
[1A[JDownloading 033 追捕队（下）         37…
[1A[JDownloading 033 追捕队（下）         37…
[1A[JDownloading 033 追捕队（下）         37…
[1A[JDownloading 033 追捕队（下）         37…
[1A[JDownloading 033 追捕队（下）         37…
[1A[JDownloading 033 追捕队（下）         37…
[1A[JDownloading 033 追捕队（下）         37…
[1A[JDownloading 033 追捕队（下）         37…
[1A[JDownloading 033 追捕队（下）         37…
[1A[JDownloading 033 追捕队（下）         37…
[1A[JDownloading 033 追捕队（下）         37…
[1A[JDownloading 033 追捕队（下）         37…
[1A[JDownloading 033 追捕队（下）         37…
[1A[JDownloading 033 追捕队（下）         37…
[1A[JDownloading 033 追捕队（下）         37…
[1A[JDownloading 033 追捕队（下）         37…
[1A[JDownloading 034 功劳             3784/7…
[1A[JDownloading 034 功劳             3784/7…
[1A[JDownloading 034 功劳             3784/7…
[1A[JDownloading 034 功劳             3784/7…
[1A[JDownloading 034 功劳             3784/7…
[1A[JDownloading 034 功劳             3785/7…
[1A[JDownloading 034 功劳             3788/7…
[1A[JDownloading 034 功劳             3788/7…
[1A[JDownloading 034 功劳             3789/7…
[1A[JDownloading 034 功劳             3790/7…
[1A[JDownloading 034 功劳             3790/7…
[1A[JDownloading 034 功劳             3791/7…
[1A[JDownloading 034 功劳             3791/7…
[1A[JDownloading 034 功劳             3794/7…
[1A[JDownloading 034 功劳             3798/7…
[1A[JDownloading 034 功劳             3798/7…
[1A[JDownloading 034 功劳             3799/7…
[1A[JDownloading 034 功劳             3800/7…
[1A[JDownloading 034 功劳             3803/7…
[1A[JDownloading 034 功劳             3805/7…
[1A[JDownloading 034 功劳             3830/7…
[1A[JDownloading 034 功劳             3830/7…
[1A[JDownloading 034 功劳             3834/7…
[1A[JDownloading 034 功劳             3834/7…
[1A[JDownloading 034 功劳             3834/7…
[1A[JDownloading 034 功劳             3836/7…
[1A[JDownloading 034 功劳             3838/7…
[1A[JDownloading 034 功劳             3838/7…
[1A[JDownloading 034 功劳             3838/7…
[1A[JDownloading 034 功劳             3839/7…
[1A[JDownloading 034 功劳             3842/7…
[1A[JDownloading 034 功劳             3843/7…
[1A[JDownloading 34 功劳 （下）          384…
[1A[JDownloading 34 功劳 （下）          384…
[1A[JDownloading 34 功劳 （下）          384…
[1A[JDownloading 34 功劳 （下）          384…
[1A[JDownloading 34 功劳 （下）          385…
[1A[JDownloading 34 功劳 （下）          385…
[1A[JDownloading 34 功劳 （下）          385…
[1A[JDownloading 34 功劳 （下）          385…
[1A[JDownloading 34 功劳 （下）          385…
[1A[JDownloading 34 功劳 （下）          385…
[1A[JDownloading 34 功劳 （下）          388…
[1A[JDownloading 34 功劳 （下）          388…
[1A[JDownloading 34 功劳 （下）          388…
[1A[JDownloading 34 功劳 （下）          388…
[1A[JDownloading 34 功劳 （下）          388…
[1A[JDownloading 34 功劳 （下）          388…
[1A[JDownloading 34 功劳 （下）          392…
[1A[JDownloading 34 功劳 （下）          392…
[1A[JDownloading 34 功劳 （下）          392…
[1A[JDownloading 34 功劳 （下）          392…
[1A[JDownloading 34 功劳 （下）          392…
[1A[JDownloading 34 功劳 （下）          393…
[1A[JDownloading 035 缺乏 （上）         393…
[1A[JDownloading 035 缺乏 （上）         393…
[1A[JDownloading 035 缺乏 （上）         393…
[1A[JDownloading 035 缺乏 （上）         393…
[1A[JDownloading 035 缺乏 （上）         393…
[1A[JDownloading 035 缺乏 （上）         393…
[1A[JDownloading 35 缺乏（下）           393…
[1A[JDownloading 35 缺乏（下）           393…
[1A[JDownloading 35 缺乏（下）           393…
[1A[JDownloading 35 缺乏（下）           393…
[1A[JDownloading 35 缺乏（下）           393…
[1A[JDownloading 35 缺乏（下）           394…
[1A[JDownloading 35 缺乏（下）           394…
[1A[JDownloading 35 缺乏（下）           394…
[1A[JDownloading 35 缺乏（下）           394…
[1A[JDownloading 35 缺乏（下）           397…
[1A[JDownloading 35 缺乏（下）           397…
[1A[JDownloading 35 缺乏（下）           397…
[1A[JDownloading 35 缺乏（下）           397…
[1A[JDownloading 35 缺乏（下）           397…
[1A[JDownloading 35 缺乏（下）           397…
[1A[JDownloading 35 缺乏（下）           398…
[1A[JDownloading 35 缺乏（下）           398…
[1A[JDownloading 35 缺乏（下）           398…
[1A[JDownloading 35 缺乏（下）           398…
[1A[JDownloading 35 缺乏（下）           398…
[1A[JDownloading 35 缺乏（下）           398…
[1A[JDownloading 36 悬赏 （上）          398…
[1A[JDownloading 36 悬赏 （上）          398…
[1A[JDownloading 36 悬赏 （上）          402…
[1A[JDownloading 36 悬赏 （上）          402…
[1A[JDownloading 36 悬赏 （上）          402…
[1A[JDownloading 36 悬赏 （上）          402…
[1A[JDownloading 36 悬赏 （上）          402…
[1A[JDownloading 36 悬赏 （上）          402…
[1A[JDownloading 36 悬赏 （上）          403…
[1A[JDownloading 36 悬赏 （上）          403…
[1A[JDownloading 36 悬赏 （上）          403…
[1A[JDownloading 36 悬赏 （上）          403…
[1A[JDownloading 36 悬赏 （上）          403…
[1A[JDownloading 36 悬赏 （上）          403…
[1A[JDownloading 36 悬赏 （中）          403…
[1A[JDownloading 36 悬赏 （中）          403…
[1A[JDownloading 36 悬赏 （中）          403…
[1A[JDownloading 36 悬赏 （中）          403…
[1A[JDownloading 36 悬赏 （中）          404…
[1A[JDownloading 36 悬赏 （中）          404…
[1A[JDownloading 36 悬赏 （中）          404…
[1A[JDownloading 36 悬赏 （中）          405…
[1A[JDownloading 36 悬赏 （中）          405…
[1A[JDownloading 36 悬赏 （中）          405…
[1A[JDownloading 36 悬赏 （中）          405…
[1A[JDownloading 36 悬赏 （中）          405…
[1A[JDownloading 36 悬赏 （中）          408…
[1A[JDownloading 36 悬赏 （中）          408…
[1A[JDownloading 36 悬赏 （中）          408…
[1A[JDownloading 36 悬赏 （中）          411…
[1A[JDownloading 36 悬赏 （中）          411…
[1A[JDownloading 36 悬赏 （中）          411…
[1A[JDownloading 36 悬赏 （中）          411…
[1A[JDownloading 36 悬赏 （中）          411…
[1A[JDownloading 36 悬赏 （中）          411…
[1A[JDownloading 36 悬赏 （中）          411…
[1A[JDownloading 36 悬赏 （中）          412…
[1A[JDownloading 36 悬赏 （中）          412…
[1A[JDownloading 37 准备行动(上）         41…
[1A[JDownloading 37 准备行动(上）         41…
[1A[JDownloading 37 准备行动(上）         41…
[1A[JDownloading 37 准备行动（下）         4…
[1A[JDownloading 37 准备行动（下）         4…
[1A[JDownloading 37 准备行动（下）         4…
[1A[JDownloading 37 准备行动（下）         4…
[1A[JDownloading 37 准备行动（下）         4…
[1A[JDownloading 37 准备行动（下）         4…
[1A[JDownloading 37 准备行动（下）         4…
[1A[JDownloading 37 准备行动（下）         4…
[1A[JDownloading 37 准备行动（下）         4…
[1A[JDownloading 37 准备行动（下）         4…
[1A[JDownloading 37 准备行动（下）         4…
[1A[JDownloading 37 准备行动（下）         4…
[1A[JDownloading 37 准备行动（下）         4…
[1A[JDownloading 37 准备行动（下）         4…
[1A[JDownloading 37 准备行动（下）         4…
[1A[JDownloading 37 准备行动（下）         4…
[1A[JDownloading 37 准备行动（下）         4…
[1A[JDownloading 37 准备行动（下）         4…
[1A[JDownloading 37 准备行动（下）         4…
[1A[JDownloading 37 准备行动（下）         4…
[1A[JDownloading 37 准备行动（下）         4…
[1A[JDownloading 37 准备行动（下）         4…
[1A[JDownloading 37 准备行动（下）         4…
[1A[JDownloading 37 准备行动（下）         4…
[1A[JDownloading 37 准备行动（下）         4…
[1A[JDownloading 37 准备行动（下）         4…
[1A[JDownloading 37 准备行动（下）         4…
[1A[JDownloading 37 准备行动（下）         4…
[1A[JDownloading 37 准备行动（下）         4…
[1A[JDownloading 37 准备行动（下）         4…
[1A[JDownloading 37 准备行动（下）         4…
[1A[JDownloading 37 准备行动（下）         4…
[1A[JDownloading 37 准备行动（下）         4…
[1A[JDownloading 37 准备行动（下）         4…
[1A[JDownloading 37 准备行动（下）         4…
[1A[JDownloading 37 准备行动（下）         4…
[1A[JDownloading 37 准备行动（下）         4…
[1A[JDownloading 37 准备行动（下）         4…
[1A[JDownloading 38 意外 （上）          423…
[1A[JDownloading 38 意外 （上）          424…
[1A[JDownloading 38 意外 （上）          424…
[1A[JDownloading 38 意外 （上）          424…
[1A[JDownloading 38 意外 （上）          424…
[1A[JDownloading 38 意外（中）           424…
[1A[JDownloading 38 意外（中）           424…
[1A[JDownloading 38 意外（中）           424…
[1A[JDownloading 38 意外（中）           424…
[1A[JDownloading 38 意外（中）           424…
[1A[JDownloading 38 意外（中）           424…
[1A[JDownloading 38 意外 （下）          424…
[1A[JDownloading 38 意外 （下）          424…
[1A[JDownloading 38 意外 （下）          424…
[1A[JDownloading 38 意外 （下）          425…
[1A[JDownloading 38 意外 （下）          425…
[1A[JDownloading 38 意外 （下）          425…
[1A[JDownloading 38 意外 （下）          425…
[1A[JDownloading 38 意外 （下）          425…
[1A[JDownloading 38 意外 （下）          425…
[1A[JDownloading 38 意外 （下）          426…
[1A[JDownloading 38 意外 （下）          426…
[1A[JDownloading 38 意外 （下）          426…
[1A[JDownloading 38 意外 （下）          426…
[1A[JDownloading 38 意外 （下）          426…
[1A[JDownloading 38 意外 （下）          426…
[1A[JDownloading 38 意外 （下）          429…
[1A[JDownloading 38 意外 （下）          429…
[1A[JDownloading 38 意外 （下）          429…
[1A[JDownloading 38 意外 （下）          429…
[1A[JDownloading 38 意外 （下）          429…
[1A[JDownloading 38 意外 （下）          430…
[1A[JDownloading 38 意外 （下）          430…
[1A[JDownloading 38 意外 （下）          430…
[1A[JDownloading 38 意外 （下）          430…
[1A[JDownloading 38 意外 （下）          430…
[1A[JDownloading 38 意外 （下）          433…
[1A[JDownloading 38 意外 （下）          433…
[1A[JDownloading 039 抢（上）           4334…
[1A[JDownloading 039 抢（上）           4339…
[1A[JDownloading 039 抢（上）           4339…
[1A[JDownloading 039 抢（上）           4339…
[1A[JDownloading 039 抢（上）           4340…
[1A[JDownloading 039 抢（上）           4343…
[1A[JDownloading 039 抢（上）           4345…
[1A[JDownloading 039 抢（上）           4345…
[1A[JDownloading 039 抢（上）           4346…
[1A[JDownloading 039 抢（中）           4349…
[1A[JDownloading 039 抢（中）           4349…
[1A[JDownloading 039 抢（中）           4351…
[1A[JDownloading 039 抢（中）           4352…
[1A[JDownloading 039 抢（中）           4354…
[1A[JDownloading 039 抢（中）           4357…
[1A[JDownloading 039 抢（中）           4357…
[1A[JDownloading 039 抢（中）           4360…
[1A[JDownloading 039 抢（中）           4363…
[1A[JDownloading 039 抢（中）           4366…
[1A[JDownloading 039 抢（中）           4367…
[1A[JDownloading 039 抢（中）           4369…
[1A[JDownloading 039 抢（中）           4372…
[1A[JDownloading 039 抢（中）           4375…
[1A[JDownloading 039 抢（中）           4375…
[1A[JDownloading 039 抢（中）           4377…
[1A[JDownloading 039 抢（中）           4382…
[1A[JDownloading 039 抢（中）           4385…
[1A[JDownloading 039 抢（中）           4389…
[1A[JDownloading 039 抢（中）           4390…
[1A[JDownloading 039 抢（中）           4390…
[1A[JDownloading 039 抢（中）           4392…
[1A[JDownloading 039 抢（中）           4393…
[1A[JDownloading 039 抢（中）           4398…
[1A[JDownloading 039 抢（中）           4398…
[1A[JDownloading 039 抢（中）           4399…
[1A[JDownloading 039 抢（中）           4401…
[1A[JDownloading 039 抢（中）           4403…
[1A[JDownloading 039 抢（中）           4431…
[1A[JDownloading 039 抢（中）           4431…
[1A[JDownloading 039 抢（中）           4432…
[1A[JDownloading 039 抢（中）           4434…
[1A[JDownloading 039 抢（中）           4437…
[1A[JDownloading 039 抢（中）           4438…
[1A[JDownloading 039 抢（中）           4439…
[1A[JDownloading 039 抢（中）           4439…
[1A[JDownloading 039 抢（中）           4440…
[1A[JDownloading 039 抢（中）           4442…
[1A[JDownloading 039 抢（中）           4442…
[1A[JDownloading 039 抢（中）           4483…
[1A[JDownloading 039 抢 （下）          4485…
[1A[JDownloading 039 抢 （下）          4514…
[1A[JDownloading 039 抢 （下）          4514…
[1A[JDownloading 039 抢 （下）          4515…
[1A[JDownloading 039 抢 （下）          4517…
[1A[JDownloading 039 抢 （下）          4518…
[1A[JDownloading 039 抢 （下）          4520…
[1A[JDownloading 039 抢 （下）          4521…
[1A[JDownloading 039 抢 （下）          4521…
[1A[JDownloading 039 抢 （下）          4521…
[1A[JDownloading 039 抢 （下）          4524…
[1A[JDownloading 040 支援 （上）         452…
[1A[JDownloading 040 支援 （上）         452…
[1A[JDownloading 40支援 （下）           452…
[1A[JDownloading 40支援 （下）           452…
[1A[JDownloading 40支援 （下）           452…
[1A[JDownloading 40支援 （下）           452…
[1A[JDownloading 40支援 （下）           452…
[1A[JDownloading 40支援 （下）           452…
[1A[JDownloading 40支援 （下）           453…
[1A[JDownloading 40支援 （下）           453…
[1A[JDownloading 40支援 （下）           453…
[1A[JDownloading 40支援 （下）           453…
[1A[JDownloading 40支援 （下）           453…
[1A[JDownloading 40支援 （下）           453…
[1A[JDownloading 40支援 （下）           453…
[1A[JDownloading 40支援 （下）           453…
[1A[JDownloading 40支援 （下）           456…
[1A[JDownloading 40支援 （下）           457…
[1A[JDownloading 40支援 （下）           457…
[1A[JDownloading 40支援 （下）           457…
[1A[JDownloading 40支援 （下）           457…
[1A[JDownloading 40支援 （下）           457…
[1A[JDownloading 40支援 （下）           457…
[1A[JDownloading 40支援 （下）           460…
[1A[JDownloading 40支援 （下）           461…
[1A[JDownloading 40支援 （下）           461…
[1A[JDownloading 40支援 （下）           461…
[1A[JDownloading 40支援 （下）           461…
[1A[JDownloading 41 离开（上）           461…
[1A[JDownloading 41 离开（上）           461…
[1A[JDownloading 41 离开（上）           461…
[1A[JDownloading 41 离开（上）           462…
[1A[JDownloading 41 离开（上）           462…
[1A[JDownloading 41 离开（上）           462…
[1A[JDownloading 41 离开（上）           462…
[1A[JDownloading 041 离开（下）          462…
[1A[JDownloading 041 离开（下）          462…
[1A[JDownloading 041 离开（下）          462…
[1A[JDownloading 041 离开（下）          462…
[1A[JDownloading 041 离开（下）          463…
[1A[JDownloading 041 离开（下）          463…
[1A[JDownloading 041 离开（下）          463…
[1A[JDownloading 041 离开（下）          463…
[1A[JDownloading 041 离开（下）          463…
[1A[JDownloading 041 离开（下）          464…
[1A[JDownloading 041 离开（下）          464…
[1A[JDownloading 041 离开（下）          464…
[1A[JDownloading 041 离开（下）          464…
[1A[JDownloading 041 离开（下）          464…
[1A[JDownloading 041 离开（下）          465…
[1A[JDownloading 041 离开（下）          465…
[1A[JDownloading 041 离开（下）          465…
[1A[JDownloading 041 离开（下）          465…
[1A[JDownloading 041 离开（下）          465…
[1A[JDownloading 041 离开（下）          465…
[1A[JDownloading 041 离开（下）          466…
[1A[JDownloading 041 离开（下）          466…
[1A[JDownloading 041 离开（下）          466…
[1A[JDownloading 041 离开（下）          466…
[1A[JDownloading 041 离开（下）          467…
[1A[JDownloading 041 离开（下）          467…
[1A[JDownloading 041 离开（下）          467…
[1A[JDownloading 041 离开（下）          467…
[1A[JDownloading 041 离开（下）          468…
[1A[JDownloading 041 离开（下）          468…
[1A[JDownloading 041 离开（下）          468…
[1A[JDownloading 041 离开（下）          468…
[1A[JDownloading 041 离开（下）          469…
[1A[JDownloading 041 离开（下）          469…
[1A[JDownloading 041 离开（下）          469…
[1A[JDownloading 041 离开（下）          469…
[1A[JDownloading 041 离开（下）          469…
[1A[JDownloading 041 离开（下）          469…
[1A[JDownloading 041 离开（下）          473…
[1A[JDownloading 041 离开（下）          473…
[1A[JDownloading 041 离开（下）          473…
[1A[JDownloading 041 离开（下）          473…
[1A[JDownloading 041 离开（下）          473…
[1A[JDownloading 041 离开（下）          473…
[1A[JDownloading 041 离开（下）          473…
[1A[JDownloading 041 离开（下）          473…
[1A[JDownloading 041 离开（下）          474…
[1A[JDownloading 041 离开（下）          477…
[1A[JDownloading 041 离开（下）          477…
[1A[JDownloading 041 离开（下）          477…
[1A[JDownloading 42 暗房（上）           477…
[1A[JDownloading 42 暗房（上）           477…
[1A[JDownloading 42 暗房（上）           477…
[1A[JDownloading 42 暗房（上）           478…
[1A[JDownloading 42 暗房（上）           480…
[1A[JDownloading 42 暗房（上）           480…
[1A[JDownloading 42 暗房（上）           480…
[1A[JDownloading 42 暗房（上）           480…
[1A[JDownloading 42 暗房（上）           481…
[1A[JDownloading 42 暗房（上）           481…
[1A[JDownloading 42 暗房（下）           481…
[1A[JDownloading 42 暗房（下）           481…
[1A[JDownloading 42 暗房（下）           481…
[1A[JDownloading 42 暗房（下）           481…
[1A[JDownloading 42 暗房（下）           481…
[1A[JDownloading 42 暗房（下）           482…
[1A[JDownloading 42 暗房（下）           482…
[1A[JDownloading 043 对决（上）          482…
[1A[JDownloading 043 对决（上）          482…
[1A[JDownloading 043 对决（上）          482…
[1A[JDownloading 043 对决（上）          482…
[1A[JDownloading 043 对决（上）          482…
[1A[JDownloading 043 对决（上）          483…
[1A[JDownloading 043 对决（上）          483…
[1A[JDownloading 043 对决（上）          483…
[1A[JDownloading 043 对决（上）          483…
[1A[JDownloading 043 对决（上）          483…
[1A[JDownloading 043 对决（上）          486…
[1A[JDownloading 043 对决（上）          486…
[1A[JDownloading 043 对决（上）          487…
[1A[JDownloading 043 对决（上）          487…
[1A[JDownloading 043 对决（上）          487…
[1A[JDownloading 043 对决（上）          487…
[1A[JDownloading 043 对决（上）          487…
[1A[JDownloading 043 对决（上）          488…
[1A[JDownloading 043 对决（上）          488…
[1A[JDownloading 043 对决（上）          488…
[1A[JDownloading 043 对决（上）          488…
[1A[JDownloading 043 对决（上）          488…
[1A[JDownloading 043 对决（上）          488…
[1A[JDownloading 043 对决（下）          489…
[1A[JDownloading 043 对决（下）          489…
[1A[JDownloading 043 对决（下）          489…
[1A[JDownloading 043 对决（下）          489…
[1A[JDownloading 043 对决（下）          493…
[1A[JDownloading 043 对决（下）          494…
[1A[JDownloading 043 对决（下）          494…
[1A[JDownloading 043 对决（下）          494…
[1A[JDownloading 043 对决（下）          494…
[1A[JDownloading 043 对决（下）          494…
[1A[JDownloading 043 对决（下）          494…
[1A[JDownloading 043 对决（下）          494…
[1A[JDownloading 043 对决（下）          494…
[1A[JDownloading 043 对决（下）          494…
[1A[JDownloading 043 对决（下）          495…
[1A[JDownloading 043 对决（下）          495…
[1A[JDownloading 043 对决（下）          495…
[1A[JDownloading 44 断路              4953/7…
[1A[JDownloading 44 断路              4955/7…
[1A[JDownloading 44 断路              4960/7…
[1A[JDownloading 44 断路              4962/7…
[1A[JDownloading 44 断路              4962/7…
[1A[JDownloading 44 断路              4964/7…
[1A[JDownloading 44 断路              4966/7…
[1A[JDownloading 44 断路              4968/7…
[1A[JDownloading 44 断路              4968/7…
[1A[JDownloading 44 断路              4969/7…
[1A[JDownloading 44 断路              4970/7…
[1A[JDownloading 44 断路              4972/7…
[1A[JDownloading 44 断路              4977/7…
[1A[JDownloading 44 断路              4978/7…
[1A[JDownloading 44 断路              4980/7…
[1A[JDownloading 44 断路              4983/7…
[1A[JDownloading 44 断路              4983/7…
[1A[JDownloading 44 断路              4984/7…
[1A[JDownloading 44 断路              4985/7…
[1A[JDownloading 44 断路              4989/7…
[1A[JDownloading 44 断路              4990/7…
[1A[JDownloading 44 断路              4991/7…
[1A[JDownloading 44 断路              4992/7…
[1A[JDownloading 44 断路              4997/7…
[1A[JDownloading 44 断路              4999/7…
[1A[JDownloading 44 断路              5002/7…
[1A[JDownloading 44 断路              5003/7…
[1A[JDownloading 44 断路              5004/7…
[1A[JDownloading 44 断路              5005/7…
[1A[JDownloading 44 断路              5008/7…
[1A[JDownloading 44 断路              5011/7…
[1A[JDownloading 44 断路              5014/7…
[1A[JDownloading 44 断路              5015/7…
[1A[JDownloading 44 断路              5015/7…
[1A[JDownloading 44 断路              5016/7…
[1A[JDownloading 44 断路              5052/7…
[1A[JDownloading 44 断路              5054/7…
[1A[JDownloading 44 断路              5055/7…
[1A[JDownloading 44 断路              5060/7…
[1A[JDownloading 44 断路              5061/7…
[1A[JDownloading 44 断路              5063/7…
[1A[JDownloading 44 断路              5065/7…
[1A[JDownloading 44 断路              5068/7…
[1A[JDownloading 44 断路              5069/7…
[1A[JDownloading 44 断路              5072/7…
[1A[JDownloading 44 断路              5073/7…
[1A[JDownloading 44 断路（下）           507…
[1A[JDownloading 44 断路（下）           507…
[1A[JDownloading 44 断路（下）           507…
[1A[JDownloading 44 断路（下）           507…
[1A[JDownloading 44 断路（下）           508…
[1A[JDownloading 44 断路（下）           508…
[1A[JDownloading 44 断路（下）           508…
[1A[JDownloading 44 断路（下）           508…
[1A[JDownloading 44 断路（下）           508…
[1A[JDownloading 44 断路（下）           508…
[1A[JDownloading 44 断路（下）           509…
[1A[JDownloading 44 断路（下）           509…
[1A[JDownloading 44 断路（下）           509…
[1A[JDownloading 44 断路（下）           509…
[1A[JDownloading 44 断路（下）           509…
[1A[JDownloading 44 断路（下）           510…
[1A[JDownloading 44 断路（下）           510…
[1A[JDownloading 44 断路（下）           510…
[1A[JDownloading 44 断路（下）           511…
[1A[JDownloading 44 断路（下）           511…
[1A[JDownloading 44 断路（下）           511…
[1A[JDownloading 44 断路（下）           511…
[1A[JDownloading 44 断路（下）           511…
[1A[JDownloading 44 断路（下）           511…
[1A[JDownloading 44 断路（下）           512…
[1A[JDownloading 44 断路（下）           515…
[1A[JDownloading 44 断路（下）           515…
[1A[JDownloading 44 断路（下）           515…
[1A[JDownloading 44 断路（下）           515…
[1A[JDownloading 44 断路（下）           515…
[1A[JDownloading 44 断路（下）           516…
[1A[JDownloading 44 断路（下）           516…
[1A[JDownloading 44 断路（下）           516…
[1A[JDownloading 44 断路（下）           516…
[1A[JDownloading 44 断路（下）           516…
[1A[JDownloading 44 断路（下）           516…
[1A[JDownloading 44 断路（下）           516…
[1A[JDownloading 44 断路（下）           516…
[1A[JDownloading 45 被捕(上）           5168…
[1A[JDownloading 45 被捕(上）           5168…
[1A[JDownloading 45 被捕(上）           5168…
[1A[JDownloading 45 被捕(上）           5168…
[1A[JDownloading 45 被捕(上）           5170…
[1A[JDownloading 45 被捕(上）           5171…
[1A[JDownloading 45 被捕(上）           5171…
[1A[JDownloading 45 被捕(上）           5173…
[1A[JDownloading 45 被捕(上）           5173…
[1A[JDownloading 45 被捕(上）           5175…
[1A[JDownloading 45 被捕(上）           5175…
[1A[JDownloading 45 被捕(上）           5175…
[1A[JDownloading 45 被捕(上）           5175…
[1A[JDownloading 45 被捕(上）           5175…
[1A[JDownloading 45 被捕(上）           5179…
[1A[JDownloading 45 被捕(上）           5180…
[1A[JDownloading 45 被捕(上）           5182…
[1A[JDownloading 45 被捕(上）           5184…
[1A[JDownloading 45 被捕(上）           5184…
[1A[JDownloading 45 被捕(上）           5186…
[1A[JDownloading 45 被捕(上）           5186…
[1A[JDownloading 45 被捕(上）           5186…
[1A[JDownloading 45 被捕(上）           5187…
[1A[JDownloading 45 被捕(上）           5187…
[1A[JDownloading 45 被捕(上）           5188…
[1A[JDownloading 45 被捕(上）           5189…
[1A[JDownloading 45 被捕(上）           5189…
[1A[JDownloading 45 被捕(上）           5189…
[1A[JDownloading 45 被捕(上）           5190…
[1A[JDownloading 45 被捕(上）           5190…
[1A[JDownloading 45 被捕(上）           5190…
[1A[JDownloading 45 被捕(上）           5190…
[1A[JDownloading 45 被捕(上）           5190…
[1A[JDownloading 45 被捕(上）           5190…
[1A[JDownloading 45 被捕(上）           5190…
[1A[JDownloading 45 被捕(上）           5231…
[1A[JDownloading 45 被捕(上）           5234…
[1A[JDownloading 45 被捕(上）           5234…
[1A[JDownloading 45 被捕(上）           5234…
[1A[JDownloading 45 被捕(上）           5236…
[1A[JDownloading 45 被捕(上）           5237…
[1A[JDownloading 45 被捕(上）           5237…
[1A[JDownloading 45 被捕(上）           5237…
[1A[JDownloading 45 被捕(上）           5238…
[1A[JDownloading 45 被捕(上）           5239…
[1A[JDownloading 45 被捕(上）           5239…
[1A[JDownloading 45 被捕(上）           5241…
[1A[JDownloading 45 被捕(上）           5242…
[1A[JDownloading 45 被捕（下）           527…
[1A[JDownloading 45 被捕（下）           527…
[1A[JDownloading 45 被捕（下）           527…
[1A[JDownloading 45 被捕（下）           527…
[1A[JDownloading 45 被捕（下）           527…
[1A[JDownloading 45 被捕（下）           527…
[1A[JDownloading 45 被捕（下）           527…
[1A[JDownloading 45 被捕（下）           527…
[1A[JDownloading 45 被捕（下）           527…
[1A[JDownloading 45 被捕（下）           527…
[1A[JDownloading 45 被捕（下）           527…
[1A[JDownloading 45 被捕（下）           527…
[1A[JDownloading 46 哪 （上）           5325…
[1A[JDownloading 46 哪 （上）           5327…
[1A[JDownloading 46 哪 （上）           5328…
[1A[JDownloading 46 哪 （上）           5329…
[1A[JDownloading 46 哪 （上）           5329…
[1A[JDownloading 46 哪 （上）           5331…
[1A[JDownloading 46 哪 （上）           5332…
[1A[JDownloading 46 哪 （上）           5334…
[1A[JDownloading 46 哪 （上）           5336…
[1A[JDownloading 46 哪 （上）           5337…
[1A[JDownloading 46 哪 （上）           5338…
[1A[JDownloading 46 哪 （上）           5338…
[1A[JDownloading 46 哪 （中）           5339…
[1A[JDownloading 46 哪 （中）           5340…
[1A[JDownloading 46 哪 （中）           5342…
[1A[JDownloading 46 哪 （中）           5344…
[1A[JDownloading 46 哪 （中）           5345…
[1A[JDownloading 46 哪 （中）           5346…
[1A[JDownloading 46 哪 （中）           5347…
[1A[JDownloading 46 哪 （中）           5351…
[1A[JDownloading 46 哪 （中）           5352…
[1A[JDownloading 46 哪 （中）           5353…
[1A[JDownloading 46 哪 （中）           5391…
[1A[JDownloading 46 哪 （中）           5394…
[1A[JDownloading 46 哪 （中）           5394…
[1A[JDownloading 46 哪 （中）           5396…
[1A[JDownloading 46 哪 （中）           5397…
[1A[JDownloading 46 哪 （中）           5397…
[1A[JDownloading 46 哪 （中）           5400…
[1A[JDownloading 46 哪 （中）           5401…
[1A[JDownloading 46 哪 （中）           5403…
[1A[JDownloading 46 哪 （中）           5405…
[1A[JDownloading 46 哪 （中）           5406…
[1A[JDownloading 46 哪 （中）           5407…
[1A[JDownloading 46 哪 （下）           5408…
[1A[JDownloading 46 哪 （下）           5409…
[1A[JDownloading 46 哪 （下）           5413…
[1A[JDownloading 46 哪 （下）           5415…
[1A[JDownloading 46 哪 （下）           5417…
[1A[JDownloading 46 哪 （下）           5417…
[1A[JDownloading 46 哪 （下）           5419…
[1A[JDownloading 46 哪 （下）           5421…
[1A[JDownloading 46 哪 （下）           5423…
[1A[JDownloading 46 哪 （下）           5427…
[1A[JDownloading 46 哪 （下）           5428…
[1A[JDownloading 46 哪 （下）           5430…
[1A[JDownloading 46 哪 （下）           5432…
[1A[JDownloading 46 哪 （下）           5433…
[1A[JDownloading 46 哪 （下）           5437…
[1A[JDownloading 46 哪 （下）           5439…
[1A[JDownloading 46 哪 （下）           5440…
[1A[JDownloading 46 哪 （下）           5441…
[1A[JDownloading 46 哪 （下）           5444…
[1A[JDownloading 46 哪 （下）           5445…
[1A[JDownloading 46 哪 （下）           5446…
[1A[JDownloading 46 哪 （下）           5448…
[1A[JDownloading 46 哪 （下）           5453…
[1A[JDownloading 46 哪 （下）           5453…
[1A[JDownloading 46 哪 （下）           5453…
[1A[JDownloading 46 哪 （下）           5455…
[1A[JDownloading 46 哪 （下）           5456…
[1A[JDownloading 46 哪 （下）           5458…
[1A[JDownloading 46 哪 （下）           5458…
[1A[JDownloading 46 哪 （下）           5459…
[1A[JDownloading 46 哪 （下）           5461…
[1A[JDownloading 46 哪 （下）           5462…
[1A[JDownloading 46 哪 （下）           5463…
[1A[JDownloading 46 哪 （下）           5465…
[1A[JDownloading 46 哪 （下）           5465…
[1A[JDownloading 46 哪 （下）           5466…
[1A[JDownloading 46 哪 （下）           5466…
[1A[JDownloading 46 哪 （下）           5467…
[1A[JDownloading 46 哪 （下）           5469…
[1A[JDownloading 46 哪 （下）           5470…
[1A[JDownloading 46 哪 （下）           5470…
[1A[JDownloading 46 哪 （下）           5471…
[1A[JDownloading 46 哪 （下）           5471…
[1A[JDownloading 46 哪 （下）           5473…
[1A[JDownloading 46 哪 （下）           5473…
[1A[JDownloading 46 哪 （下）           5473…
[1A[JDownloading 46 哪 （下）           5473…
[1A[JDownloading 46 哪 （下）           5494…
[1A[JDownloading 46 哪 （下）           5496…
[1A[JDownloading 46 哪 （下）           5498…
[1A[JDownloading 46 哪 （下）           5498…
[1A[JDownloading 46 哪 （下）           5498…
[1A[JDownloading 46 哪 （下）           5499…
[1A[JDownloading 46 哪 （下）           5500…
[1A[JDownloading 46 哪 （下）           5500…
[1A[JDownloading 46 哪 （下）           5500…
[1A[JDownloading 46 哪 （下）           5501…
[1A[JDownloading 46 哪 （下）           5501…
[1A[JDownloading 46 哪 （下）           5528…
[1A[JDownloading 047 归来 （上）         552…
[1A[JDownloading 047 归来 （上）         552…
[1A[JDownloading 047 归来 （上）         552…
[1A[JDownloading 047 归来 （上）         552…
[1A[JDownloading 047 归来 （上）         552…
[1A[JDownloading 047 归来 （上）         552…
[1A[JDownloading 047 归来 （上）         555…
[1A[JDownloading 047 归来 （上）         555…
[1A[JDownloading 047 归来 （上）         555…
[1A[JDownloading 047 归来 （上）         555…
[1A[JDownloading 047 归来 （上）         555…
[1A[JDownloading 047 归来 （下）         555…
[1A[JDownloading 047 归来 （下）         555…
[1A[JDownloading 047 归来 （下）         555…
[1A[JDownloading 047 归来 （下）         555…
[1A[JDownloading 047 归来 （下）         555…
[1A[JDownloading 047 归来 （下）         555…
[1A[JDownloading 048 奖励             5556/7…
[1A[JDownloading 048 奖励             5557/7…
[1A[JDownloading 048 奖励             5558/7…
[1A[JDownloading 048 奖励             5559/7…
[1A[JDownloading 048 奖励             5559/7…
[1A[JDownloading 048 奖励             5559/7…
[1A[JDownloading 048 奖励             5561/7…
[1A[JDownloading 048 奖励             5564/7…
[1A[JDownloading 048 奖励             5564/7…
[1A[JDownloading 048 奖励             5564/7…
[1A[JDownloading 048 奖励             5566/7…
[1A[JDownloading 048 奖励             5566/7…
[1A[JDownloading 048 奖励             5570/7…
[1A[JDownloading 048 奖励             5573/7…
[1A[JDownloading 048 奖励             5573/7…
[1A[JDownloading 048 奖励             5574/7…
[1A[JDownloading 048 奖励             5576/7…
[1A[JDownloading 048 奖励             5578/7…
[1A[JDownloading 048 奖励             5578/7…
[1A[JDownloading 048 奖励             5581/7…
[1A[JDownloading 048 奖励             5582/7…
[1A[JDownloading 048 奖励             5584/7…
[1A[JDownloading 048 奖励             5584/7…
[1A[JDownloading 048 奖励             5587/7…
[1A[JDownloading 048 奖励             5589/7…
[1A[JDownloading 048 奖励             5590/7…
[1A[JDownloading 048 奖励             5590/7…
[1A[JDownloading 048 奖励             5592/7…
[1A[JDownloading 048 奖励             5627/7…
[1A[JDownloading 048 奖励             5627/7…
[1A[JDownloading 048 奖励             5628/7…
[1A[JDownloading 048 奖励             5630/7…
[1A[JDownloading 048 奖励             5632/7…
[1A[JDownloading 048 奖励             5674/7…
[1A[JDownloading 048 奖励             5677/7…
[1A[JDownloading 048 奖励             5679/7…
[1A[JDownloading 048 奖励             5683/7…
[1A[JDownloading 048 奖励             5684/7…
[1A[JDownloading 048 奖励             5684/7…
[1A[JDownloading 048 奖励             5685/7…
[1A[JDownloading 048 奖励（下）          568…
[1A[JDownloading 048 奖励（下）          568…
[1A[JDownloading 048 奖励（下）          569…
[1A[JDownloading 048 奖励（下）          569…
[1A[JDownloading 048 奖励（下）          569…
[1A[JDownloading 49 支持 （上）          569…
[1A[JDownloading 49 支持 （上）          569…
[1A[JDownloading 49 支持 （上）          569…
[1A[JDownloading 49 支持 （上）          569…
[1A[JDownloading 49 支持 （上）          569…
[1A[JDownloading 49 支持 （上）          570…
[1A[JDownloading 49 支持 （上）          570…
[1A[JDownloading 49 支持 （上）          570…
[1A[JDownloading 49 支持 （上）          570…
[1A[JDownloading 49 支持 （上）          570…
[1A[JDownloading 49 支持 （上）          571…
[1A[JDownloading 49 支持 （上）          571…
[1A[JDownloading 49 支持 （上）          571…
[1A[JDownloading 49 支持 （上）          572…
[1A[JDownloading 49 支持 （上）          572…
[1A[JDownloading 49 支持 （上）          572…
[1A[JDownloading 49 支持 （上）          572…
[1A[JDownloading 49 支持 （上）          575…
[1A[JDownloading 49 支持 （上）          575…
[1A[JDownloading 49 支持 （上）          576…
[1A[JDownloading 49 支持 （上）          576…
[1A[JDownloading 49 支持 （上）          576…
[1A[JDownloading 49 支持 （上）          576…
[1A[JDownloading 49 支持 （上）          576…
[1A[JDownloading 49 支持 （上）          579…
[1A[JDownloading 49 支持 （上）          579…
[1A[JDownloading 49 支持 （上）          579…
[1A[JDownloading 49 支持 （上）          580…
[1A[JDownloading 49 支持 （上）          580…
[1A[JDownloading 049 支持（下）          580…
[1A[JDownloading 049 支持（下）          580…
[1A[JDownloading 049 支持（下）          580…
[1A[JDownloading 049 支持（下）          580…
[1A[JDownloading 049 支持（下）          580…
[1A[JDownloading 049 支持（下）          580…
[1A[JDownloading 049 支持（下）          580…
[1A[JDownloading 049 支持（下）          585…
[1A[JDownloading 050 敲打（上）          585…
[1A[JDownloading 050 敲打（上）          585…
[1A[JDownloading 050 敲打（上）          585…
[1A[JDownloading 050 敲打（上）          585…
[1A[JDownloading 050 敲打（上）          585…
[1A[JDownloading 050 敲打（上）          585…
[1A[JDownloading 050 敲打（上）          585…
[1A[JDownloading 050 敲打（上）          586…
[1A[JDownloading 050 敲打（上）          586…
[1A[JDownloading 050 敲打（上）          586…
[1A[JDownloading 050 敲打（上）          586…
[1A[JDownloading 50 敲打 （下）          586…
[1A[JDownloading 50 敲打 （下）          586…
[1A[JDownloading 50 敲打 （下）          586…
[1A[JDownloading 50 敲打 （下）          587…
[1A[JDownloading 50 敲打 （下）          587…
[1A[JDownloading 50 敲打 （下）          588…
[1A[JDownloading 50 敲打 （下）          588…
[1A[JDownloading 50 敲打 （下）          588…
[1A[JDownloading 50 敲打 （下）          588…
[1A[JDownloading 50 敲打 （下）          588…
[1A[JDownloading 50 敲打 （下）          588…
[1A[JDownloading 50 敲打 （下）          588…
[1A[JDownloading 50 敲打 （下）          588…
[1A[JDownloading 50 敲打 （下）          589…
[1A[JDownloading 50 敲打 （下）          589…
[1A[JDownloading 50 敲打 （下）          592…
[1A[JDownloading 50 敲打 （下）          592…
[1A[JDownloading 50 敲打 （下）          592…
[1A[JDownloading 50 敲打 （下）          592…
[1A[JDownloading 50 敲打 （下）          593…
[1A[JDownloading 50 敲打 （下）          593…
[1A[JDownloading 50 敲打 （下）          593…
[1A[JDownloading 50 敲打 （下）          593…
[1A[JDownloading 50 敲打 （下）          593…
[1A[JDownloading 50 敲打 （下）          593…
[1A[JDownloading 50 敲打 （下）          594…
[1A[JDownloading 50 敲打 （下）          594…
[1A[JDownloading 051 宅(上）           5945/…
[1A[JDownloading 051 宅(上）           5947/…
[1A[JDownloading 051 宅(上）           5981/…
[1A[JDownloading 051 宅(上）           5982/…
[1A[JDownloading 051 宅(上）           5983/…
[1A[JDownloading 051 宅(上）           5986/…
[1A[JDownloading 051 宅(上）           5989/…
[1A[JDownloading 051 宅(上）           5989/…
[1A[JDownloading 051 宅(上）           5992/…
[1A[JDownloading 051 宅(上）           5993/…
[1A[JDownloading 051 宅(上）           5994/…
[1A[JDownloading 051 宅(上）           5996/…
[1A[JDownloading 051 宅(上）           5998/…
[1A[JDownloading 051 宅(上）           6000/…
[1A[JDownloading 051 宅（下）           6001…
[1A[JDownloading 051 宅（下）           6001…
[1A[JDownloading 051 宅（下）           6001…
[1A[JDownloading 051 宅（下）           6005…
[1A[JDownloading 051 宅（下）           6005…
[1A[JDownloading 051 宅（下）           6009…
[1A[JDownloading 051 宅（下）           6010…
[1A[JDownloading 051 宅（下）           6010…
[1A[JDownloading 051 宅（下）           6012…
[1A[JDownloading 051 宅（下）           6014…
[1A[JDownloading 051 宅（下）           6016…
[1A[JDownloading 051 宅（下）           6017…
[1A[JDownloading 051 宅（下）           6017…
[1A[JDownloading 051 宅（下）           6019…
[1A[JDownloading 051 宅（下）           6019…
[1A[JDownloading 051 宅（下）           6050…
[1A[JDownloading 051 宅（下）           6052…
[1A[JDownloading 051 宅（下）           6054…
[1A[JDownloading 051 宅（下）           6056…
[1A[JDownloading 051 宅（下）           6056…
[1A[JDownloading 051 宅（下）           6060…
[1A[JDownloading 051 宅（下）           6062…
[1A[JDownloading 051 宅（下）           6066…
[1A[JDownloading 051 宅（下）           6069…
[1A[JDownloading 051 宅（下）           6070…
[1A[JDownloading 051 宅（下）           6070…
[1A[JDownloading 051 宅（下）           6070…
[1A[JDownloading 051 宅（下）           6070…
[1A[JDownloading 052 欺负             6072/7…
[1A[JDownloading 052 欺负             6076/7…
[1A[JDownloading 052 欺负             6078/7…
[1A[JDownloading 052 欺负             6078/7…
[1A[JDownloading 052 欺负             6079/7…
[1A[JDownloading 052 欺负             6079/7…
[1A[JDownloading 052 欺负             6081/7…
[1A[JDownloading 052 欺负             6082/7…
[1A[JDownloading 052 欺负             6082/7…
[1A[JDownloading 052 欺负             6084/7…
[1A[JDownloading 052 欺负             6084/7…
[1A[JDownloading 052 欺负             6085/7…
[1A[JDownloading 052 欺负             6086/7…
[1A[JDownloading 052 欺负             6118/7…
[1A[JDownloading 052 欺负             6119/7…
[1A[JDownloading 052 欺负             6121/7…
[1A[JDownloading 052 欺负             6123/7…
[1A[JDownloading 052 欺负             6124/7…
[1A[JDownloading 052 欺负             6126/7…
[1A[JDownloading 052 欺负             6126/7…
[1A[JDownloading 052 欺负             6127/7…
[1A[JDownloading 052 欺负             6129/7…
[1A[JDownloading 052 欺负             6129/7…
[1A[JDownloading 052 欺负             6131/7…
[1A[JDownloading 052 欺负             6135/7…
[1A[JDownloading 052 欺负             6136/7…
[1A[JDownloading 052 欺负 （下）         613…
[1A[JDownloading 052 欺负 （下）         613…
[1A[JDownloading 052 欺负 （下）         613…
[1A[JDownloading 052 欺负 （下）         614…
[1A[JDownloading 052 欺负 （下）         614…
[1A[JDownloading 052 欺负 （下）         614…
[1A[JDownloading 052 欺负 （下）         614…
[1A[JDownloading 052 欺负 （下）         614…
[1A[JDownloading 052 欺负 （下）         614…
[1A[JDownloading 052 欺负 （下）         614…
[1A[JDownloading 052 欺负 （下）         614…
[1A[JDownloading 052 欺负 （下）         614…
[1A[JDownloading 052 欺负 （下）         615…
[1A[JDownloading 052 欺负 （下）         615…
[1A[JDownloading 052 欺负 （下）         615…
[1A[JDownloading 052 欺负 （下）         615…
[1A[JDownloading 052 欺负 （下）         615…
[1A[JDownloading 052 欺负 （下）         615…
[1A[JDownloading 052 欺负 （下）         616…
[1A[JDownloading 052 欺负 （下）         616…
[1A[JDownloading 052 欺负 （下）         616…
[1A[JDownloading 052 欺负 （下）         616…
[1A[JDownloading 052 欺负 （下）         616…
[1A[JDownloading 052 欺负 （下）         616…
[1A[JDownloading 052 欺负 （下）         616…
[1A[JDownloading 052 欺负 （下）         616…
[1A[JDownloading 052 欺负 （下）         616…
[1A[JDownloading 052 欺负 （下）         616…
[1A[JDownloading 052 欺负 （下）         616…
[1A[JDownloading 052 欺负 （下）         616…
[1A[JDownloading 052 欺负 （下）         616…
[1A[JDownloading 052 欺负 （下）         616…
[1A[JDownloading 052 欺负 （下）         616…
[1A[JDownloading 052 欺负 （下）         616…
[1A[JDownloading 052 欺负 （下）         616…
[1A[JDownloading 052 欺负 （下）         616…
[1A[JDownloading 052 欺负 （下）         616…
[1A[JDownloading 052 欺负 （下）         616…
[1A[JDownloading 052 欺负 （下）         616…
[1A[JDownloading 052 欺负 （下）         616…
[1A[JDownloading 052 欺负 （下）         620…
[1A[JDownloading 052 欺负 （下）         620…
[1A[JDownloading 052 欺负 （下）         620…
[1A[JDownloading 052 欺负 （下）         620…
[1A[JDownloading 052 欺负 （下）         620…
[1A[JDownloading 052 欺负 （下）         620…
[1A[JDownloading 052 欺负 （下）         620…
[1A[JDownloading 052 欺负 （下）         620…
[1A[JDownloading 052 欺负 （下）         620…
[1A[JDownloading 052 欺负 （下）         620…
[1A[JDownloading 052 欺负 （下）         620…
[1A[JDownloading 052 欺负 （下）         620…
[1A[JDownloading 052 欺负 （下）         620…
[1A[JDownloading 052 欺负 （下）         620…
[1A[JDownloading 052 欺负 （下）         620…
[1A[JDownloading 052 欺负 （下）         620…
[1A[JDownloading 053 调查（上）          620…
[1A[JDownloading 053 调查（上）          620…
[1A[JDownloading 053 调查（上）          620…
[1A[JDownloading 053 调查（上）          621…
[1A[JDownloading 053 调查（上）          621…
[1A[JDownloading 053 调查（上）          621…
[1A[JDownloading 053 调查（上）          621…
[1A[JDownloading 053 调查（上）          623…
[1A[JDownloading 053 调查（上）          623…
[1A[JDownloading 053 调查（上）          623…
[1A[JDownloading 053 调查（上）          623…
[1A[JDownloading 053 调查（上）          623…
[1A[JDownloading 053 调查（上）          623…
[1A[JDownloading 053 调查（上）          623…
[1A[JDownloading 053 调查（上）          623…
[1A[JDownloading 053 调查（上）          623…
[1A[JDownloading 053 调查（上）          623…
[1A[JDownloading 053 调查（上）          623…
[1A[JDownloading 053 调查（上）          623…
[1A[JDownloading 053 调查（下）          624…
[1A[JDownloading 053 调查（下）          624…
[1A[JDownloading 053 调查（下）          624…
[1A[JDownloading 053 调查（下）          624…
[1A[JDownloading 053 调查（下）          624…
[1A[JDownloading 053 调查（下）          624…
[1A[JDownloading 053 调查（下）          624…
[1A[JDownloading 053 调查（下）          624…
[1A[JDownloading 053 调查（下）          624…
[1A[JDownloading 053 调查（下）          624…
[1A[JDownloading 053 调查（下）          625…
[1A[JDownloading 053 调查（下）          625…
[1A[JDownloading 053 调查（下）          625…
[1A[JDownloading 053 调查（下）          625…
[1A[JDownloading 053 调查（下）          625…
[1A[JDownloading 053 调查（下）          625…
[1A[JDownloading 053 调查（下）          626…
[1A[JDownloading 053 调查（下）          626…
[1A[JDownloading 053 调查（下）          626…
[1A[JDownloading 053 调查（下）          626…
[1A[JDownloading 053 调查（下）          626…
[1A[JDownloading 053 调查（下）          626…
[1A[JDownloading 053 调查（下）          626…
[1A[JDownloading 053 调查（下）          626…
[1A[JDownloading 053 调查（下）          626…
[1A[JDownloading 053 调查（下）          627…
[1A[JDownloading 053 调查（下）          627…
[1A[JDownloading 053 调查（下）          627…
[1A[JDownloading 053 调查（下）          627…
[1A[JDownloading 053 调查（下）          627…
[1A[JDownloading 053 调查（下）          627…
[1A[JDownloading 053 调查（下）          628…
[1A[JDownloading 053 调查（下）          628…
[1A[JDownloading 053 调查（下）          628…
[1A[JDownloading 053 调查（下）          631…
[1A[JDownloading 053 调查（下）          631…
[1A[JDownloading 053 调查（下）          631…
[1A[JDownloading 053 调查（下）          631…
[1A[JDownloading 053 调查（下）          631…
[1A[JDownloading 053 调查（下）          632…
[1A[JDownloading 053 调查（下）          632…
[1A[JDownloading 053 调查（下）          632…
[1A[JDownloading 053 调查（下）          632…
[1A[JDownloading 053 调查（下）          632…
[1A[JDownloading 053 调查（下）          632…
[1A[JDownloading 053 调查（下）          632…
[1A[JDownloading 054 选择             6325/7…
[1A[JDownloading 054 选择             6325/7…
[1A[JDownloading 054 选择             6327/7…
[1A[JDownloading 054 选择             6354/7…
[1A[JDownloading 054 选择             6354/7…
[1A[JDownloading 054 选择             6354/7…
[1A[JDownloading 054 选择             6355/7…
[1A[JDownloading 054 选择             6355/7…
[1A[JDownloading 054 选择             6355/7…
[1A[JDownloading 054 选择             6355/7…
[1A[JDownloading 054 选择             6355/7…
[1A[JDownloading 054 选择             6380/7…
[1A[JDownloading 054 选择             6380/7…
[1A[JDownloading 054 选择             6380/7…
[1A[JDownloading 054 选择             6380/7…
[1A[JDownloading 054 选择             6380/7…
[1A[JDownloading 054 选择（下）          638…
[1A[JDownloading 054 选择（下）          638…
[1A[JDownloading 054 选择（下）          638…
[1A[JDownloading 054 选择（下）          638…
[1A[JDownloading 054 选择（下）          638…
[1A[JDownloading 054 选择（下）          638…
[1A[JDownloading 054 选择（下）          638…
[1A[JDownloading 055 好处 （上）         638…
[1A[JDownloading 055 好处 （上）         638…
[1A[JDownloading 055 好处 （上）         638…
[1A[JDownloading 055 好处 （上）         638…
[1A[JDownloading 055 好处 （上）         638…
[1A[JDownloading 055 好处 （上）         639…
[1A[JDownloading 055 好处 （上）         639…
[1A[JDownloading 055 好处 （上）         639…
[1A[JDownloading 055 好处 （上）         639…
[1A[JDownloading 055 好处 （上）         639…
[1A[JDownloading 055 好处 （上）         642…
[1A[JDownloading 055 好处 （上）         642…
[1A[JDownloading 055 好处 （上）         642…
[1A[JDownloading 055 好处 （上）         642…
[1A[JDownloading 055 好处 （上）         643…
[1A[JDownloading 055 好处 （上）         643…
[1A[JDownloading 055 好处 （上）         643…
[1A[JDownloading 055 好处 （上）         643…
[1A[JDownloading 055 好处 （上）         643…
[1A[JDownloading 055 好处 （上）         643…
[1A[JDownloading 055 好处 （上）         644…
[1A[JDownloading 055 好处 （上）         647…
[1A[JDownloading 055 好处 （下）         647…
[1A[JDownloading 055 好处 （下）         647…
[1A[JDownloading 055 好处 （下）         647…
[1A[JDownloading 055 好处 （下）         647…
[1A[JDownloading 055 好处 （下）         647…
[1A[JDownloading 055 好处 （下）         648…
[1A[JDownloading 055 好处 （下）         648…
[1A[JDownloading 055 好处 （下）         648…
[1A[JDownloading 055 好处 （下）         648…
[1A[JDownloading 055 好处 （下）         648…
[1A[JDownloading 055 好处 （下）         648…
[1A[JDownloading 056 兄弟（上）          648…
[1A[JDownloading 056 兄弟（上）          648…
[1A[JDownloading 056 兄弟（上）          648…
[1A[JDownloading 056 兄弟（上）          648…
[1A[JDownloading 056 兄弟（上）          649…
[1A[JDownloading 056 兄弟（上）          649…
[1A[JDownloading 056 兄弟（上）          649…
[1A[JDownloading 056 兄弟（上）          649…
[1A[JDownloading 056 兄弟（上）          649…
[1A[JDownloading 056 兄弟（上）          650…
[1A[JDownloading 056 兄弟（上）          650…
[1A[JDownloading 056 兄弟（上）          650…
[1A[JDownloading 056 兄弟（上）          650…
[1A[JDownloading 056 兄弟（上）          651…
[1A[JDownloading 056 兄弟（上）          651…
[1A[JDownloading 056 兄弟（上）          651…
[1A[JDownloading 056 兄弟（上）          653…
[1A[JDownloading 056 兄弟（上）          653…
[1A[JDownloading 056 兄弟（上）          653…
[1A[JDownloading 056 兄弟（上）          653…
[1A[JDownloading 056 兄弟（上）          653…
[1A[JDownloading 056 兄弟（上）          654…
[1A[JDownloading 056 兄弟（上）          654…
[1A[JDownloading 056 兄弟（上）          654…
[1A[JDownloading 056 兄弟（上）          655…
[1A[JDownloading 056 兄弟（上）          655…
[1A[JDownloading 056 兄弟（上）          655…
[1A[JDownloading 056 兄弟（上）          655…
[1A[JDownloading 056 兄弟（下）          655…
[1A[JDownloading 056 兄弟（下）          655…
[1A[JDownloading 056 兄弟（下）          655…
[1A[JDownloading 056 兄弟（下）          656…
[1A[JDownloading 056 兄弟（下）          656…
[1A[JDownloading 056 兄弟（下）          656…
[1A[JDownloading 056 兄弟（下）          657…
[1A[JDownloading 056 兄弟（下）          657…
[1A[JDownloading 056 兄弟（下）          657…
[1A[JDownloading 056 兄弟（下）          659…
[1A[JDownloading 056 兄弟（下）          660…
[1A[JDownloading 056 兄弟（下）          660…
[1A[JDownloading 056 兄弟（下）          660…
[1A[JDownloading 056 兄弟（下）          660…
[1A[JDownloading 056 兄弟（下）          660…
[1A[JDownloading 056 兄弟（下）          660…
[1A[JDownloading 056 兄弟（下）          660…
[1A[JDownloading 056 兄弟（下）          661…
[1A[JDownloading 056 兄弟（下）          661…
[1A[JDownloading 056 兄弟（下）          661…
[1A[JDownloading 056 兄弟（下）          661…
[1A[JDownloading 057 晋级（上）          661…
[1A[JDownloading 057 晋级（上）          662…
[1A[JDownloading 057 晋级（上）          662…
[1A[JDownloading 057 晋级（上）          662…
[1A[JDownloading 057 晋级（上）          662…
[1A[JDownloading 057 晋级（上）          662…
[1A[JDownloading 057 晋级（上）          662…
[1A[JDownloading 057 晋级（上）          662…
[1A[JDownloading 057 晋级（上）          663…
[1A[JDownloading 057 晋级（上）          663…
[1A[JDownloading 057 晋级（上）          663…
[1A[JDownloading 057 晋级（上）          663…
[1A[JDownloading 057 晋级（上）          663…
[1A[JDownloading 057 晋级（上）          663…
[1A[JDownloading 057 晋级（上）          663…
[1A[JDownloading 057 晋级（上）          663…
[1A[JDownloading 057 晋级（上）          667…
[1A[JDownloading 057 晋级（上）          667…
[1A[JDownloading 057 晋级（上）          668…
[1A[JDownloading 057 晋级（上）          668…
[1A[JDownloading 057 晋级（上）          668…
[1A[JDownloading 057 晋级（上）          668…
[1A[JDownloading 057 晋级（上）          669…
[1A[JDownloading 057 晋级（上）          669…
[1A[JDownloading 057 晋级（上）          669…
[1A[JDownloading 057 晋级（上）          669…
[1A[JDownloading 057 晋级（上）          673…
[1A[JDownloading 057 晋级（下）          673…
[1A[JDownloading 057 晋级（下）          674…
[1A[JDownloading 057 晋级（下）          674…
[1A[JDownloading 057 晋级（下）          674…
[1A[JDownloading 057 晋级（下）          674…
[1A[JDownloading 057 晋级（下）          674…
[1A[JDownloading 057 晋级（下）          674…
[1A[JDownloading 057 晋级（下）          674…
[1A[JDownloading 057 晋级（下）          674…
[1A[JDownloading 057 晋级（下）          674…
[1A[JDownloading 057 晋级（下）          674…
[1A[JDownloading 58 人质（上）           674…
[1A[JDownloading 58 人质（上）           674…
[1A[JDownloading 58 人质（上）           675…
[1A[JDownloading 58 人质（上）           675…
[1A[JDownloading 58 人质（上）           675…
[1A[JDownloading 58 人质（上）           675…
[1A[JDownloading 58 人质（上）           675…
[1A[JDownloading 58 人质（上）           675…
[1A[JDownloading 58 人质（上）           675…
[1A[JDownloading 58 人质（上）           675…
[1A[JDownloading 58 人质（上）           675…
[1A[JDownloading 58 人质（上）           675…
[1A[JDownloading 58 人质（上）           675…
[1A[JDownloading 58 人质（上）           676…
[1A[JDownloading 58 人质（上）           676…
[1A[JDownloading 58 人质（上）           676…
[1A[JDownloading 58 人质（上）           676…
[1A[JDownloading 58 人质（上）           676…
[1A[JDownloading 58 人质（上）           676…
[1A[JDownloading 58 人质（上）           676…
[1A[JDownloading 58 人质（上）           677…
[1A[JDownloading 58 人质（上）           677…
[1A[JDownloading 58 人质（上）           680…
[1A[JDownloading 58 人质（上）           680…
[1A[JDownloading 58 人质（上）           681…
[1A[JDownloading 58 人质（上）           681…
[1A[JDownloading 58 人质（上）           681…
[1A[JDownloading 58 人质（上）           681…
[1A[JDownloading 58 人质（上）           681…
[1A[JDownloading 58 人质（上）           681…
[1A[JDownloading 58 人质（上）           681…
[1A[JDownloading 58 人质（上）           681…
[1A[JDownloading 58 人质（上）           682…
[1A[JDownloading 58 人质（上）           682…
[1A[JDownloading 058 人质（下）          682…
[1A[JDownloading 058 人质（下）          682…
[1A[JDownloading 058 人质（下）          682…
[1A[JDownloading 058 人质（下）          682…
[1A[JDownloading 058 人质（下）          682…
[1A[JDownloading 058 人质（下）          682…
[1A[JDownloading 058 人质（下）          682…
[1A[JDownloading 058 人质（下）          683…
[1A[JDownloading 058 人质（下）          683…
[1A[JDownloading 058 人质（下）          683…
[1A[JDownloading 058 人质（下）          683…
[1A[JDownloading 058 人质（下）          686…
[1A[JDownloading 058 人质（下）          686…
[1A[JDownloading 058 人质（下）          686…
[1A[JDownloading 058 人质（下）          686…
[1A[JDownloading 058 人质（下）          687…
[1A[JDownloading 058 人质（下）          687…
[1A[JDownloading 058 人质（下）          690…
[1A[JDownloading 058 人质（下）          690…
[1A[JDownloading 058 人质（下）          690…
[1A[JDownloading 058 人质（下）          690…
[1A[JDownloading 058 人质（下）          690…
[1A[JDownloading 058 人质（下）          690…
[1A[JDownloading 59 万一（上）           690…
[1A[JDownloading 59 万一（上）           690…
[1A[JDownloading 59 万一（上）           691…
[1A[JDownloading 59 万一（上）           691…
[1A[JDownloading 59 万一（上）           694…
[1A[JDownloading 59 万一（上）           694…
[1A[JDownloading 59 万一（上）           694…
[1A[JDownloading 59 万一（上）           694…
[1A[JDownloading 059 万一（下）          694…
[1A[JDownloading 059 万一（下）          694…
[1A[JDownloading 059 万一（下）          694…
[1A[JDownloading 059 万一（下）          694…
[1A[JDownloading 059 万一（下）          694…
[1A[JDownloading 059 万一（下）          694…
[1A[JDownloading 059 万一（下）          695…
[1A[JDownloading 059 万一（下）          695…
[1A[JDownloading 059 万一（下）          695…
[1A[JDownloading 60 捕获（上）           696…
[1A[JDownloading 60 捕获（上）           696…
[1A[JDownloading 60 捕获（上）           696…
[1A[JDownloading 60 捕获（上）           696…
[1A[JDownloading 60 捕获（上）           696…
[1A[JDownloading 60 捕获（上）           697…
[1A[JDownloading 60 捕获（上）           697…
[1A[JDownloading 60 捕获（上）           697…
[1A[JDownloading 60 捕获（上）           698…
[1A[JDownloading 60 捕获（上）           698…
[1A[JDownloading 60 捕获（上）           698…
[1A[JDownloading 60 捕获（上）           698…
[1A[JDownloading 60 捕获（上）           698…
[1A[JDownloading 60 捕获（上）           698…
[1A[JDownloading 60 捕获（上）           698…
[1A[JDownloading 60 捕获（上）           698…
[1A[JDownloading 60 捕获（上）           698…
[1A[JDownloading 60 捕获（上）           698…
[1A[JDownloading 60 捕获（上）           699…
[1A[JDownloading 60 捕获（上）           699…
[1A[JDownloading 60 捕获（上）           699…
[1A[JDownloading 60 捕获（上）           699…
[1A[JDownloading 60 捕获（上）           700…
[1A[JDownloading 60 捕获（上）           700…
[1A[JDownloading 60 捕获（上）           700…
[1A[JDownloading 60 捕获（上）           700…
[1A[JDownloading 60 捕获（上）           700…
[1A[JDownloading 60 捕获（上）           700…
[1A[JDownloading 60 捕获（上）           701…
[1A[JDownloading 60 捕获（上）           701…
[1A[JDownloading 60 捕获（上）           701…
[1A[JDownloading 60 捕获（上）           701…
[1A[JDownloading 60 捕获（上）           701…
[1A[JDownloading 60 捕获（上）           701…
[1A[JDownloading 60 捕获（上）           702…
[1A[JDownloading 60 捕获（上）           702…
[1A[JDownloading 60 捕获（上）           702…
[1A[JDownloading 60 捕获（上）           705…
[1A[JDownloading 60 捕获（上）           705…
[1A[JDownloading 60 捕获（上）           705…
[1A[JDownloading 60 捕获（上）           705…
[1A[JDownloading 60 捕获（上）           706…
[1A[JDownloading 60 捕获（上）           706…
[1A[JDownloading 60 捕获（上）           706…
[1A[JDownloading 60 捕获（上）           706…
[1A[JDownloading 60 捕获（上）           706…
[1A[JDownloading 60 捕获（上）           706…
[1A[JDownloading 60 捕获（上）           707…
[1A[JDownloading 60 捕获（上）           707…
[1A[JDownloading 060 捕获（下）          707…
[1A[JDownloading 060 捕获（下）          707…
[1A[JDownloading 060 捕获（下）          707…
[1A[JDownloading 060 捕获（下）          707…
[1A[JDownloading 060 捕获（下）          708…
[1A[JDownloading 060 捕获（下）          711…
[1A[JDownloading 060 捕获（下）          711…
[1A[JDownloading 060 捕获（下）          711…
[1A[JDownloading 060 捕获（下）          711…
[1A[JDownloading 060 捕获（下）          711…
[1A[JDownloading 060 捕获（下）          711…
[1A[JDownloading 060 捕获（下）          711…
[1A[JDownloading 060 捕获（下）          711…
[1A[JDownloading 060 捕获（下）          711…
[1A[JDownloading 060 捕获（下）          711…
[1A[JDownloading 060 捕获（下）          711…
[1A[JDownloading 060 捕获（下）          712…
[1A[JDownloading 061 蝼蚁（上）          712…
[1A[JDownloading 061 蝼蚁（上）          712…
[1A[JDownloading 061 蝼蚁（上）          712…
[1A[JDownloading 061 蝼蚁（上）          712…
[1A[JDownloading 061 蝼蚁（上）          712…
[1A[JDownloading 061 蝼蚁（上）          712…
[1A[JDownloading 061 蝼蚁（上）          712…
[1A[JDownloading 061 蝼蚁（上）          712…
[1A[JDownloading 061 蝼蚁（上）          712…
[1A[JDownloading 061 蝼蚁（上）          713…
[1A[JDownloading 061 蝼蚁（上）          713…
[1A[JDownloading 061 蝼蚁（上）          713…
[1A[JDownloading 061 蝼蚁（上）          713…
[1A[JDownloading 061 蝼蚁（上）          713…
[1A[JDownloading 061 蝼蚁（上）          713…
[1A[JDownloading 061 蝼蚁（上）          713…
[1A[JDownloading 061 蝼蚁（上）          714…
[1A[JDownloading 061 蝼蚁（上）          714…
[1A[JDownloading 061 蝼蚁（上）          714…
[1A[JDownloading 061 蝼蚁（上）          714…
[1A[JDownloading 061 蝼蚁（上）          714…
[1A[JDownloading 061 蝼蚁（上）          718…
[1A[JDownloading 061 蝼蚁（上）          718…
[1A[JDownloading 061 蝼蚁（上）          718…
[1A[JDownloading 061 蝼蚁（上）          718…
[1A[JDownloading 061 蝼蚁（上）          718…
[1A[JDownloading 061 蝼蚁（上）          718…
[1A[JDownloading 061 蝼蚁（上）          718…
[1A[JDownloading 061 蝼蚁（上）          718…
[1A[JDownloading 061 蝼蚁（上）          719…
[1A[JDownloading 061 蝼蚁（上）          719…
[1A[JDownloading 061 蝼蚁（上）          719…
[1A[JDownloading 061 蝼蚁（上）          722…
[1A[JDownloading 061 蝼蚁 （中）         722…
[1A[JDownloading 061 蝼蚁 （中）         722…
[1A[JDownloading 061 蝼蚁 （中）         722…
[1A[JDownloading 061 蝼蚁 （中）         722…
[1A[JDownloading 061 蝼蚁 （中）         722…
[1A[JDownloading 061 蝼蚁 （中）         722…
[1A[JDownloading 061 蝼蚁 （中）         722…
[1A[JDownloading 061 蝼蚁 （中）         722…
[1A[JDownloading 061 蝼蚁 （中）         722…
[1A[JDownloading 061 蝼蚁 （中）         722…
[1A[JDownloading 061 蝼蚁 （中）         722…
[1A[JDownloading 061 蝼蚁（下）          722…
[1A[JDownloading 061 蝼蚁（下）          722…
[1A[JDownloading 061 蝼蚁（下）          723…
[1A[JDownloading 061 蝼蚁（下）          723…
[1A[JDownloading 061 蝼蚁（下）          723…
[1A[JDownloading 061 蝼蚁（下）          723…
[1A[JDownloading 061 蝼蚁（下）          723…
[1A[JDownloading 061 蝼蚁（下）          724…
[1A[JDownloading 061 蝼蚁（下）          724…
[1A[JDownloading 061 蝼蚁（下）          724…
[1A[JDownloading 061 蝼蚁（下）          724…
[1A[JDownloading 061 蝼蚁（下）          724…
[1A[JDownloading 061 蝼蚁（下）          724…
[1A[JDownloading 061 蝼蚁（下）          724…
[1A[JDownloading 061 蝼蚁（下）          724…
[1A[JDownloading 061 蝼蚁（下）          724…
[1A[JDownloading 061 蝼蚁（下）          724…
[1A[JDownloading 061 蝼蚁（下）          725…
[1A[JDownloading 061 蝼蚁（下）          725…
[1A[JDownloading 061 蝼蚁（下）          725…
[1A[JDownloading 061 蝼蚁（下）          725…
[1A[JDownloading 061 蝼蚁（下）          725…
[1A[JDownloading 061 蝼蚁（下）          726…
[1A[JDownloading 061 蝼蚁（下）          726…
[1A[JDownloading 061 蝼蚁（下）          726…
[1A[JDownloading 061 蝼蚁（下）          726…
[1A[JDownloading 061 蝼蚁（下）          730…
[1A[JDownloading 061 蝼蚁（下）          730…
[1A[JDownloading 061 蝼蚁（下）          733…
[1A[JDownloading 061 蝼蚁（下）          733…
[1A[JDownloading 061 蝼蚁（下）          734…
[1A[JDownloading 061 蝼蚁（下）          734…
[1A[JDownloading 061 蝼蚁（下）          734…
[1A[JDownloading 061 蝼蚁（下）          734…
[1A[JDownloading 061 蝼蚁（下）          734…
[1A[JDownloading 061 蝼蚁（下）          734…
[1A[JDownloading 061 蝼蚁（下）          734…
[1A[JDownloading 061 蝼蚁（下）          734…
[1A[JDownloading 062 校园（上）          734…
[1A[JDownloading 062 校园（上）          735…
[1A[JDownloading 062 校园（中）          735…
[1A[JDownloading 062 校园（中）          735…
[1A[JDownloading 062 校园（中）          735…
[1A[JDownloading 062 校园（中）          735…
[1A[JDownloading 062 校园（中）          735…
[1A[JDownloading 062 校园（中）          735…
[1A[JDownloading 062 校园（中）          735…
[1A[JDownloading 062 校园（中）          735…
[1A[JDownloading 062 校园（中）          738…
[1A[JDownloading 062 校园（中）          738…
[1A[JDownloading 062 校园（中）          738…
[1A[JDownloading 062 校园（中）          738…
[1A[JDownloading 062 校园（中）          738…
[1A[JDownloading 062 校园（中）          738…
[1A[JDownloading 062 校园（中）          738…
[1A[JDownloading 062 校园（中）          739…
[1A[JDownloading 062 校园（中）          739…
[1A[JDownloading 062 校园（中）          739…
[1A[JDownloading 062 校园（中）          739…
[1A[JDownloading 062 校园（中）          739…
[1A[JDownloading 062 校园（下）          740…
[1A[JDownloading 062 校园（下）          742…
[1A[JDownloading 062 校园（下）          743…
[1A[JDownloading 062 校园（下）          743…
[1A[JDownloading 062 校园（下）          743…
[1A[JDownloading 062 校园（下）          743…
[1A[JDownloading 062 校园（下）          743…
[1A[JDownloading 062 校园（下）          743…
[1A[JDownloading 062 校园（下）          743…
[1A[JDownloading 062 校园（下）          743…
[1A[JDownloading 062 校园（下）          743…
[1A[JDownloading 062 校园（下）          743…
[1A[JDownloading 062 校园（下）          744…
[1A[JDownloading 063 多少             7442/7…
[1A[JDownloading 063 多少             7442/7…
[1A[JDownloading 063 多少             7443/7…
[1A[JDownloading 063 多少             7445/7…
[1A[JDownloading 063 多少             7446/7…
[1A[JDownloading 063 多少             7446/7…
[1A[JDownloading 063 多少             7447/7…
[1A[JDownloading 063 多少             7450/7…
[1A[JDownloading 063 多少             7450/7…
[1A[JDownloading 063 多少             7453/7…
[1A[JDownloading 063 多少             7454/7…
[1A[JDownloading 063 多少             7455/7…
[1A[JDownloading 063 多少             7456/7…
[1A[JDownloading 063 多少             7456/7…
[1A[JDownloading 063 多少             7457/7…
[1A[JDownloading 063 多少             7458/7…
[1A[JDownloading 063 多少             7459/7…
[1A[JDownloading 063 多少             7462/7…
[1A[JDownloading 063 多少             7464/7…
[1A[JDownloading 063 多少             7469/7…
[1A[JDownloading 063 多少             7470/7…
[1A[JDownloading 063 多少             7472/7…
[1A[JDownloading 063 多少             7472/7…
[1A[JDownloading 063 多少             7474/7…
[1A[JDownloading 063 多少             7478/7…
[1A[JDownloading 063 多少             7499/7…
[1A[JDownloading 063 多少             7500/7…
[1A[JDownloading 063 多少             7523/7…
[1A[JDownloading 063 多少             7523/7…
[1A[JDownloading 063 多少             7524/7…
[1A[JDownloading 063 多少             7524/7…
[1A[JDownloading 063 多少             7528/7…
[1A[JDownloading 063 多少             7529/7…
[1A[JDownloading 063 多少             7529/7…
[1A[JDownloading 063 多少             7530/7…
[1A[JDownloading 063 多少             7530/7…
[1A[JDownloading 063 多少             7532/7…
[1A[JDownloading 063 多少（下）          753…
[1A[JDownloading 063 多少（下）          753…
[1A[JDownloading 064 常总             7535/7…
[1A[JDownloading 064 常总             7537/7…
[1A[JDownloading 064 常总             7538/7…
[1A[JDownloading 064 常总             7540/7…
[1A[JDownloading 064 常总             7540/7…
[1A[JDownloading 064 常总             7542/7…
[1A[JDownloading 064 常总             7542/7…
[1A[JDownloading 064 常总             7544/7…
[1A[JDownloading 064 常总             7548/7…
[1A[JDownloading 064 常总             7548/7…
[1A[JDownloading 064 常总             7552/7…
[1A[JDownloading 064 常总             7553/7…
[1A[JDownloading 064 常总             7556/7…
[1A[JDownloading 064 常总             7559/7…
[1A[JDownloading 064 常总             7559/7…
[1A[JDownloading 064 常总             7559/7…
[1A[JDownloading 064 常总             7560/7…
[1A[JDownloading 064 常总             7560/7…
[1A[JDownloading 064 常总             7561/7…
[1A[JDownloading 064 常总             7562/7…
[1A[JDownloading 064 常总             7564/7…
[1A[JDownloading 064 常总             7567/7…
[1A[JDownloading 064 常总             7567/7…
[1A[JDownloading 064 常总             7567/7…
[1A[JDownloading 064 常总             7570/7…
[1A[JDownloading 064 常总             7597/7…
[1A[JDownloading 064 常总             7597/7…
[1A[JDownloading 064 常总             7601/7…
[1A[JDownloading 064 常总             7602/7…
[1A[JDownloading 064 常总             7602/7…
[1A[JDownloading 064 常总             7602/7…
[1A[JDownloading 064 常总             7637/7…
[1A[JDownloading 064 常总             7638/7…
[1A[JDownloading 064 常总             7640/7…
[1A[JDownloading 064 常总             7642/7…
[1A[JDownloading 064 常总             7643/7…
[1A[JDownloading 064 常总（下）          764…
[1A[JDownloading 064 常总（下）          764…
[1A[JDownloading 064 常总（下）          764…
[1A[JDownloading 064 常总（下）          764…
[1A[JDownloading 064 常总（下）          764…
[1A[JDownloading 064 常总（下）          764…
[1A[JDownloading 064 常总（下）          765…
[1A[JDownloading 065 资格             7650/7…
[1A[JDownloading 065 资格             7652/7…
[1A[JDownloading 065 资格             7655/7…
[1A[JDownloading 065 资格             7655/7…
[1A[JDownloading 065 资格             7657/7…
[1A[JDownloading 065 资格             7660/7…
[1A[JDownloading 065 资格             7661/7…
[1A[JDownloading 065 资格             7662/7…
[1A[JDownloading 065 资格             7663/7…
[1A[JDownloading 065 资格             7663/7…
[1A[JDownloading 065 资格             7664/7…
[1A[JDownloading 065 资格             7665/7…
[1A[JDownloading 065 资格             7671/7…
[1A[JDownloading 065 资格             7673/7…
[1A[JDownloading 065 资格             7675/7…
[1A[JDownloading 065 资格             7675/7…
[1A[JDownloading 065 资格             7677/7…
[1A[JDownloading 065 资格             7677/7…
[1A[JDownloading 065 资格             7712/7…
[1A[JDownloading 065 资格             7714/7…
[1A[JDownloading 065 资格             7718/7…
[1A[JDownloading 065 资格             7719/7…
[1A[JDownloading 065 资格             7720/7…
[1A[JDownloading 065 资格             7751/7…
[1A[JDownloading 065 资格             7756/7…
[1A[JDownloading 065 资格             7758/7…
[1A[JDownloading 065 资格             7758/7…
[1A[JDownloading 065 资格             7758/7…
[1A[JDownloading 065 资格             7761/7…
[1A[JDownloading 065 资格（下）          776…
[1A[JDownloading 065 资格（下）          776…
[1A[JDownloading 065 资格（下）          776…
[1A[JDownloading 065 资格（下）          776…
[1A[JDownloading 065 资格（下）          776…
[1A[JDownloading 065 资格（下）          776…
[1A[JDownloading 065 资格（下）          776…
[1A[JDownloading 065 资格（下）          776…
[1A[JDownloading 065 资格（下）          776…
[1A[JDownloading 065 资格（下）          776…
[1A[JDownloading 065 资格（下）          776…
[1A[JDownloading 065 资格（下）          776…
[1A[JDownloading 065 资格（下）          776…
[1A[JDownloading 065 资格（下）          777…
[1A[JDownloading 065 资格（下）          777…
[1A[JDownloading 065 资格（下）          777…
[1A[JDownloading 065 资格（下）          777…
[1A[JDownloading 065 资格（下）          777…
[1A[JDownloading 065 资格（下）          778…
[1A[JDownloading 065 资格（下）          778…
[1A[JDownloading 065 资格（下）          778…
[1A[JDownloading 065 资格（下）          778…
[1A[JDownloading 065 资格（下）          780…
[1A[JDownloading 065 资格（下）          781…
[1A[JDownloading 065 资格（下）          781…
[1A[JDownloading 065 资格（下）          781…
[1A[JDownloading 065 资格（下）          781…
[1A[JDownloading 065 资格（下）          781…
[1A[JDownloading 065 资格（下）          781…
[1A[JDownloading 065 资格（下）          781…
[1A[JDownloading 065 资格（下）          782…
[1A[JDownloading 065 资格（下）          782…
[1A[JDownloading 065 资格（下）          782…
[1A[JDownloading 065 资格（下）          782…
[1A[JDownloading 065 资格（下）          782…
[1A[JDownloading 065 资格（下）          782…
[1A[JDownloading 065 资格（下）          782…
[1A[JDownloading 065 资格（下）          782…
[1A[JDownloading 065 资格（下）          782…
[1A[JDownloading 065 资格（下）          782…
[1A[JDownloading 065 资格（下）          782…
[1A[JDownloading 065 资格（下）          782…
[1A[JDownloading 065 资格（下）          782…
[1A[JDownloading 065 资格（下）          782…
[1A[JDownloading 065 资格（下）          782…
[1A[JDownloading 065 资格（下）          782…
[1A[JDownloading 065 资格（下）          782…
[1A[JDownloading 065 资格（下）          782…
[1A[JDownloading 065 资格（下）          782…
[1A[JDownloading 065 资格（下）          785…
[1A[JDownloading 065 资格（下）          785…
[1A[JDownloading 065 资格（下）          785…
[1A[JDownloading 065 资格（下）          785…
[1A[JDownloading 065 资格（下）          785…
[1A[JDownloading 065 资格（下）          785…
[1A[JDownloading 065 资格（下）          785…
[1A[JDownloading 065 资格（下）          785…
[1A[JDownloading 065 资格（下）          785…
[1A[JDownloading 065 资格（下）          785…
[1A[JDownloading 065 资格（下）          785…
[1A[JDownloading 065 资格（下）          788…
[1A[JCreating bundle for chapters 1-9999 788…
[1A[JCreating bundle for chapters 1-9999 788…
[1A[JCreating bundle for chapters 1-9999 788…
[1A[JCreating bundle for chapters 1-9999 788…
[1A[JCreating bundle for chapters 1-9999 788…
[1A[JCreating bundle for chapters 1-9999 788…
[1A[JCreating bundle for chapters 1-9999 788…
[1A[JCreating bundle for chapters 1-9999 788…
[1A[JCreating bundle for chapters 1-9999 788…
[1A[JCreating bundle for chapters 1-9999 788…
[1A[JCreating bundle for chapters 1-9999 788…
[1A[JCreating bundle for chapters 1-9999 788…
[1A[JCreating bundle for chapters 1-9999 788…
[1A[JCreating bundle for chapters 1-9999 788…
[1A[JCreating bundle for chapters 1-9999 788…
[1A[JCreating bundle for chapters 1-9999 788…
[1A[JCreating bundle for chapters 1-9999 788…
[1A[JCreating bundle for chapters 1-9999 788…
[1A[JCreating bundle for chapters 1-9999 788…
[1A[JCreating bundle for chapters 1-9999 788…
[1A[JCreating bundle for chapters 1-9999 788…
[1A[JCreating bundle for chapters 1-9999 788…
[1A[JCreating bundle for chapters 1-9999 788…
[1A[JCreating bundle for chapters 1-9999 788…
[1A[JCreating bundle for chapters 1-9999 788…
[1A[JCreating bundle for chapters 1-9999 788…
[1A[JCreating bundle for chapters 1-9999 788…
[1A[JCreating bundle for chapters 1-9999 788…
[1A[JCreating bundle for chapters 1-9999 788…
[1A[JCreating bundle for chapters 1-9999 788…
[1A[JCreating bundle for chapters 1-9999 788…
[1A[JCreating bundle for chapters 1-9999 788…
[1A[JCreating bundle for chapters 1-9999 788…
[1A[JCreating bundle for chapters 1-9999 788…
[1A[JCreating bundle for chapters 1-9999 788…
[1A[JCreating bundle for chapters 1-9999 788…
[1A[JCreating bundle for chapters 1-9999 788…
[1A[JCreating bundle for chapters 1-9999 788…
[1A[JCreating bundle for chapters 1-9999 788…
[1A[JCreating bundle for chapters 1-9999 788…
[1A[JCreating bundle for chapters 1-9999 788…
[1A[JCreating bundle for chapters 1-9999 788…
[1A[JCreating bundle for chapters 1-9999 788…
[1A[JCreating bundle for chapters 1-9999 788…
[1A[JCreating bundle for chapters 1-9999 788…
[1A[JCreating bundle for chapters 1-9999 788…
[1A[JCreating bundle for chapters 1-9999 788…
[1A[JCreating bundle for chapters 1-9999 788…
[1A[JCreating bundle for chapters 1-9999 788…
[1A[JCreating bundle for chapters 1-9999 788…
[1A[JCreating bundle for chapters 1-9999 788…
[1A[JCreating bundle for chapters 1-9999 788…
[1A[JCreating bundle for chapters 1-9999 788…
[1A[JCreating bundle for chapters 1-9999 788…
[1A[JCreating bundle for chapters 1-9999 788…
[1A[JCreating bundle for chapters 1-9999 788…
[1A[JCreating bundle for chapters 1-9999 788…
[1A[JCreating bundle for chapters 1-9999 788…
[1A[JCreating bundle for chapters 1-9999 788…
[1A[JCreating bundle for chapters 1-9999 788…
[1A[JCreating bundle for chapters 1-9999 788…
[1A[JCreating bundle for chapters 1-9999 788…
[1A[JCreating bundle for chapters 1-9999 788…
[1A[JCreating bundle for chapters 1-9999 788…
[1A[JCreating bundle for chapters 1-9999 788…
[1A[JCreating bundle for chapters 1-9999 788…
[1A[JCreating bundle for chapters 1-9999 788…
[1A[JCreating bundle for chapters 1-9999 788…
[1A[JCreating bundle for chapters 1-9999 788…
[1A[JCreating bundle for chapters 1-9999 788…
[1A[JCreating bundle for chapters 1-9999 788…
[1A[JCreating bundle for chapters 1-9999 788…
[1A[JCreating bundle for chapters 1-9999 788…
[1A[JCreating bundle for chapters 1-9999 788…
[1A[JCreating bundle for chapters 1-9999 788…
[1A[JCreating bundle for chapters 1-9999 788…
[1A[JCreating bundle for chapters 1-9999 788…
[1A[JCreating bundle for chapters 1-9999 788…
[1A[JCreating bundle for chapters 1-9999 788…
[1A[JCreating bundle for chapters 1-9999 788…
[1A[JCreating bundle for chapters 1-9999 788…
[1A[JCreating bundle for chapters 1-9999 788…
[1A[JCreating bundle for chapters 1-9999 788…
[1A[JCreating bundle for chapters 1-9999 788…
[1A[JCreating bundle for chapters 1-9999 788…
[1A[JCreating bundle for chapters 1-9999 788…
[1A[JCreating bundle for chapters 1-9999 788…
[1A[JCreating bundle for chapters 1-9999 788…
[1A[JCreating bundle for chapters 1-9999 788…
[1A[JCreating bundle for chapters 1-9999 788…
[1A[JCreating bundle for chapters 1-9999 788…
[1A[JCreating bundle for chapters 1-9999 788…
[1A[JCreating bundle for chapters 1-9999 788…
[1A[JCreating bundle for chapters 1-9999 788…
[1A[JCreating bundle for chapters 1-9999 788…
[1A[JCreating bundle for chapters 1-9999 788…
[1A[JCreating bundle for chapters 1-9999 788…
[1A[JCreating bundle for chapters 1-9999 788…
[1A[JCreating bundle for chapters 1-9999 788…
[1A[JCreating bundle for chapters 1-9999 788…
[1A[JCreating bundle for chapters 1-9999 788…
- saved file 情绪病 1-9999 - bundle.cbz
