Gathering info...              0/18064 …
[1A[JGathering info...              0/18064 …
[1A[JGathering info...              0/18064 …
[1A[JGathering info...              0/18064 …
[1A[JGathering info...              0/18064 …
[1A[JGathering info...              0/18064 …
[1A[JGathering info...              0/18064 …
[1A[JGathering info...              0/18064 …
[1A[JGathering info...              0/18064 …
[1A[JGathering info...              0/18064 …
[1A[JGathering info...              0/18064 …
[1A[JGathering info...              0/18064 …
[1A[JGathering info...              0/18064 …
[1A[JGathering info...              0/18064 …
[1A[JGathering info...              0/18064 …
[1A[JGathering info...              0/18064 …
[1A[JGathering info...              0/18064 …
[1A[JGathering info...              0/18064 …
[1A[JGathering info...              0/18064 …
[1A[JGathering info...              0/18064 …
[1A[JGathering info...              0/18064 …
[1A[JGathering info...              0/18064 …
[1A[JGathering info...              0/18064 …
[1A[JGathering info...              0/18064 …
[1A[JGathering info...              0/18064 …
[1A[JDownloading 第4话                0/18064
[1A[JDownloading 第4话                0/18064
[1A[JDownloading 第4话                0/18064
[1A[JDownloading 第4话                0/18064
[1A[JDownloading 第4话                0/18064
[1A[JDownloading 第4话                0/18064
[1A[JDownloading 第5话                0/18064
[1A[JDownloading 第5话                0/18064
[1A[JDownloading 第5话                0/18064
[1A[JDownloading 第5话                0/18064
[1A[JDownloading 第5话                0/18064
[1A[JDownloading 第2话                1/18064
[1A[JDownloading 第2话                2/18064
[1A[JDownloading 第2话                3/18064
[1A[JDownloading 第2话                3/18064
[1A[JDownloading 第2话                3/18064
[1A[JDownloading 第2话                4/18064
[1A[JDownloading 第2话                8/18064
[1A[JDownloading 第2话                9/18064
[1A[JDownloading 第2话                11/180…
[1A[JDownloading 第2话                13/180…
[1A[JDownloading 第3话                13/180…
[1A[JDownloading 第3话                15/180…
[1A[JDownloading 第3话                17/180…
[1A[JDownloading 第3话                19/180…
[1A[JDownloading 第3话                21/180…
[1A[JDownloading 第3话                28/180…
[1A[JDownloading 第3话                30/180…
[1A[JDownloading 第1话                32/180…
[1A[JDownloading 第1话                34/180…
[1A[JDownloading 第1话                35/180…
[1A[JDownloading 第1话                36/180…
[1A[JDownloading 第1话                39/180…
[1A[JDownloading 第1话                41/180…
[1A[JDownloading 第1话                43/180…
[1A[JDownloading 第1话                44/180…
[1A[JDownloading 第1话                46/180…
[1A[JDownloading 第1话                52/180…
[1A[JDownloading 第1话                58/180…
[1A[JDownloading 第1话                59/180…
[1A[JDownloading 第1话                61/180…
[1A[JDownloading 第1话                63/180…
[1A[JDownloading 第1话                67/180…
[1A[JDownloading 第1话                70/180…
[1A[JDownloading 第1话                74/180…
[1A[JDownloading 第1话                77/180…
[1A[JDownloading 第1话                79/180…
[1A[JDownloading 第1话                83/180…
[1A[JDownloading 第1话                87/180…
[1A[JDownloading 第1话                90/180…
[1A[JDownloading 第1话                94/180…
[1A[JDownloading 第1话                96/180…
[1A[JDownloading 第1话                105/18…
[1A[JDownloading 第1话                108/18…
[1A[JDownloading 第1话                109/18…
[1A[JDownloading 第1话                112/18…
[1A[JDownloading 第1话                116/18…
[1A[JDownloading 第1话                118/18…
[1A[JDownloading 第1话                120/18…
[1A[JDownloading 第1话                124/18…
[1A[JDownloading 第1话                127/18…
[1A[JDownloading 第1话                133/18…
[1A[JDownloading 第1话                135/18…
[1A[JDownloading 第1话                140/18…
[1A[JDownloading 第1话                142/18…
[1A[JDownloading 第1话                146/18…
[1A[JDownloading 第1话                152/18…
[1A[JDownloading 第1话                155/18…
[1A[JDownloading 第1话                155/18…
[1A[JDownloading 第1话                157/18…
[1A[JDownloading 第1话                160/18…
[1A[JDownloading 第1话                164/18…
[1A[JDownloading 第1话                169/18…
[1A[JDownloading 第1话                174/18…
[1A[JDownloading 第1话                178/18…
[1A[JDownloading 第1话                180/18…
[1A[JDownloading 第1话                183/18…
[1A[JDownloading 第1话                189/18…
[1A[JDownloading 第1话                192/18…
[1A[JDownloading 第1话                193/18…
[1A[JDownloading 第1话                196/18…
[1A[JDownloading 第1话                196/18…
[1A[JDownloading 第1话                197/18…
[1A[JDownloading 第1话                202/18…
[1A[JDownloading 第1话                205/18…
[1A[JDownloading 第1话                208/18…
[1A[JDownloading 第1话                210/18…
[1A[JDownloading 第1话                216/18…
[1A[JDownloading 第1话                223/18…
[1A[JDownloading 第1话                224/18…
[1A[JDownloading 第1话                227/18…
[1A[JDownloading 第1话                228/18…
[1A[JDownloading 第1话                236/18…
[1A[JDownloading 第1话                238/18…
[1A[JDownloading 第1话                238/18…
[1A[JDownloading 第1话                243/18…
[1A[JDownloading 第1话                243/18…
[1A[JDownloading 第1话                245/18…
[1A[JDownloading 第1话                248/18…
[1A[JDownloading 第1话                251/18…
[1A[JDownloading 第1话                253/18…
[1A[JDownloading 第1话                256/18…
[1A[JDownloading 第1话                258/18…
[1A[JDownloading 第1话                262/18…
[1A[JDownloading 第1话                266/18…
[1A[JDownloading 第1话                271/18…
[1A[JDownloading 第1话                274/18…
[1A[JDownloading 第1话                277/18…
[1A[JDownloading 第1话                280/18…
[1A[JDownloading 第1话                284/18…
[1A[JDownloading 第1话                287/18…
[1A[JDownloading 第1话                290/18…
[1A[JDownloading 第1话                294/18…
[1A[JDownloading 第1话                298/18…
[1A[JDownloading 第1话                302/18…
[1A[JDownloading 第1话                304/18…
[1A[JDownloading 第1话                307/18…
[1A[JDownloading 第1话                307/18…
[1A[JDownloading 第1话                313/18…
[1A[JDownloading 第1话                314/18…
[1A[JDownloading 第1话                320/18…
[1A[JDownloading 第1话                323/18…
[1A[JDownloading 第1话                325/18…
[1A[JDownloading 第1话                329/18…
[1A[JDownloading 第1话                337/18…
[1A[JDownloading 第1话                339/18…
[1A[JDownloading 第1话                341/18…
[1A[JDownloading 第1话                342/18…
[1A[JDownloading 第1话                345/18…
[1A[JDownloading 第1话                350/18…
[1A[JDownloading 第1话                352/18…
[1A[JDownloading 第1话                357/18…
[1A[JDownloading 第1话                357/18…
[1A[JDownloading 第1话                358/18…
[1A[JDownloading 第1话                363/18…
[1A[JDownloading 第1话                368/18…
[1A[JDownloading 第1话                371/18…
[1A[JDownloading 第1话                374/18…
[1A[JDownloading 第1话                378/18…
[1A[JDownloading 第1话                379/18…
[1A[JDownloading 第1话                385/18…
[1A[JDownloading 第1话                388/18…
[1A[JDownloading 第1话                391/18…
[1A[JDownloading 第1话                392/18…
[1A[JDownloading 第1话                396/18…
[1A[JDownloading 第1话                400/18…
[1A[JDownloading 第1话                401/18…
[1A[JDownloading 第1话                407/18…
[1A[JDownloading 第1话                410/18…
[1A[JDownloading 第1话                414/18…
[1A[JDownloading 第1话                422/18…
[1A[JDownloading 第1话                424/18…
[1A[JDownloading 第1话                428/18…
[1A[JDownloading 第1话                430/18…
[1A[JDownloading 第1话                433/18…
[1A[JDownloading 第1话                434/18…
[1A[JDownloading 第1话                438/18…
[1A[JDownloading 第1话                441/18…
[1A[JDownloading 第1话                445/18…
[1A[JDownloading 第1话                449/18…
[1A[JDownloading 第1话                454/18…
[1A[JDownloading 第1话                454/18…
[1A[JDownloading 第1话                455/18…
[1A[JDownloading 第1话                457/18…
[1A[JDownloading 第1话                463/18…
[1A[JDownloading 第1话                568/18…
[1A[JDownloading 第1话                569/18…
[1A[JDownloading 第1话                570/18…
[1A[JDownloading 第1话                572/18…
[1A[JDownloading 第1话                577/18…
[1A[JDownloading 第1话                579/18…
[1A[JDownloading 第1话                579/18…
[1A[JDownloading 第1话                583/18…
[1A[JDownloading 第1话                584/18…
[1A[JDownloading 第1话                586/18…
[1A[JDownloading 第1话                690/18…
[1A[JDownloading 第1话                692/18…
[1A[JDownloading 第1话                695/18…
[1A[JDownloading 第1话                697/18…
[1A[JDownloading 第1话                697/18…
[1A[JDownloading 第1话                699/18…
[1A[JDownloading 第1话                703/18…
[1A[JDownloading 第1话                704/18…
[1A[JDownloading 第1话                704/18…
[1A[JDownloading 第1话                705/18…
[1A[JDownloading 第1话                708/18…
[1A[JDownloading 第1话                708/18…
[1A[JDownloading 第1话                711/18…
[1A[JDownloading 第1话                715/18…
[1A[JDownloading 第1话                715/18…
[1A[JDownloading 第1话                719/18…
[1A[JDownloading 第1话                722/18…
[1A[JDownloading 第1话                724/18…
[1A[JDownloading 第1话                725/18…
[1A[JDownloading 第1话                727/18…
[1A[JDownloading 第1话                728/18…
[1A[JDownloading 第1话                730/18…
[1A[JDownloading 第6话                731/18…
[1A[JDownloading 第6话                733/18…
[1A[JDownloading 第6话                735/18…
[1A[JDownloading 第6话                737/18…
[1A[JDownloading 第6话                742/18…
[1A[JDownloading 第6话                742/18…
[1A[JDownloading 第6话                742/18…
[1A[JDownloading 第6话                745/18…
[1A[JDownloading 第6话                748/18…
[1A[JDownloading 第6话                748/18…
[1A[JDownloading 第6话                750/18…
[1A[JDownloading 第7话                752/18…
[1A[JDownloading 第7话                754/18…
[1A[JDownloading 第7话                759/18…
[1A[JDownloading 第7话                761/18…
[1A[JDownloading 第7话                764/18…
[1A[JDownloading 第7话                889/18…
[1A[JDownloading 第7话                894/18…
[1A[JDownloading 第7话                897/18…
[1A[JDownloading 第7话                897/18…
[1A[JDownloading 第7话                898/18…
[1A[JDownloading 第7话                898/18…
[1A[JDownloading 第7话                903/18…
[1A[JDownloading 第7话                905/18…
[1A[JDownloading 第7话                910/18…
[1A[JDownloading 第7话                910/18…
[1A[JDownloading 第7话                913/18…
[1A[JDownloading 第7话                918/18…
[1A[JDownloading 第7话                921/18…
[1A[JDownloading 第7话                922/18…
[1A[JDownloading 第7话                922/18…
[1A[JDownloading 第7话                923/18…
[1A[JDownloading 第7话                923/18…
[1A[JDownloading 第7话                923/18…
[1A[JDownloading 第7话                926/18…
[1A[JDownloading 第7话                930/18…
[1A[JDownloading 第7话                932/18…
[1A[JDownloading 第7话                936/18…
[1A[JDownloading 第7话                940/18…
[1A[JDownloading 第7话                945/18…
[1A[JDownloading 第7话                951/18…
[1A[JDownloading 第7话                954/18…
[1A[JDownloading 第7话                956/18…
[1A[JDownloading 第7话                956/18…
[1A[JDownloading 第7话                957/18…
[1A[JDownloading 第7话                958/18…
[1A[JDownloading 第7话                959/18…
[1A[JDownloading 第7话                960/18…
[1A[JDownloading 第8话                961/18…
[1A[JDownloading 第8话                963/18…
[1A[JDownloading 第8话                967/18…
[1A[JDownloading 第8话                970/18…
[1A[JDownloading 第8话                972/18…
[1A[JDownloading 第8话                975/18…
[1A[JDownloading 第8话                980/18…
[1A[JDownloading 第8话                980/18…
[1A[JDownloading 第8话                984/18…
[1A[JDownloading 第8话                989/18…
[1A[JDownloading 第8话                993/18…
[1A[JDownloading 第8话                997/18…
[1A[JDownloading 第8话                998/18…
[1A[JDownloading 第8话                1002/1…
[1A[JDownloading 第8话                1004/1…
[1A[JDownloading 第8话                1007/1…
[1A[JDownloading 第8话                1010/1…
[1A[JDownloading 第8话                1014/1…
[1A[JDownloading 第8话                1017/1…
[1A[JDownloading 第8话                1020/1…
[1A[JDownloading 第8话                1024/1…
[1A[JDownloading 第8话                1026/1…
[1A[JDownloading 第8话                1028/1…
[1A[JDownloading 第8话                1031/1…
[1A[JDownloading 第8话                1035/1…
[1A[JDownloading 第8话                1037/1…
[1A[JDownloading 第8话                1042/1…
[1A[JDownloading 第8话                1045/1…
[1A[JDownloading 第8话                1050/1…
[1A[JDownloading 第8话                1050/1…
[1A[JDownloading 第8话                1054/1…
[1A[JDownloading 第8话                1059/1…
[1A[JDownloading 第8话                1063/1…
[1A[JDownloading 第8话                1064/1…
[1A[JDownloading 第8话                1067/1…
[1A[JDownloading 第8话                1068/1…
[1A[JDownloading 第8话                1073/1…
[1A[JDownloading 第8话                1079/1…
[1A[JDownloading 第8话                1083/1…
[1A[JDownloading 第8话                1086/1…
[1A[JDownloading 第8话                1090/1…
[1A[JDownloading 第8话                1090/1…
[1A[JDownloading 第8话                1091/1…
[1A[JDownloading 第8话                1093/1…
[1A[JDownloading 第8话                1096/1…
[1A[JDownloading 第8话                1097/1…
[1A[JDownloading 第8话                1100/1…
[1A[JDownloading 第8话                1102/1…
[1A[JDownloading 第8话                1265/1…
[1A[JDownloading 第8话                1268/1…
[1A[JDownloading 第8话                1273/1…
[1A[JDownloading 第8话                1276/1…
[1A[JDownloading 第8话                1277/1…
[1A[JDownloading 第8话                1278/1…
[1A[JDownloading 第8话                1280/1…
[1A[JDownloading 第8话                1284/1…
[1A[JDownloading 第8话                1288/1…
[1A[JDownloading 第8话                1291/1…
[1A[JDownloading 第8话                1294/1…
[1A[JDownloading 第8话                1296/1…
[1A[JDownloading 第8话                1297/1…
[1A[JDownloading 第8话                1299/1…
[1A[JDownloading 第8话                1301/1…
[1A[JDownloading 第8话                1304/1…
[1A[JDownloading 第8话                1309/1…
[1A[JDownloading 第8话                1312/1…
[1A[JDownloading 第8话                1316/1…
[1A[JDownloading 第8话                1318/1…
[1A[JDownloading 第8话                1320/1…
[1A[JDownloading 第8话                1322/1…
[1A[JDownloading 第8话                1325/1…
[1A[JDownloading 第8话                1328/1…
[1A[JDownloading 第8话                1329/1…
[1A[JDownloading 第8话                1329/1…
[1A[JDownloading 第8话                1334/1…
[1A[JDownloading 第8话                1337/1…
[1A[JDownloading 第8话                1339/1…
[1A[JDownloading 第8话                1344/1…
[1A[JDownloading 第8话                1345/1…
[1A[JDownloading 第8话                1348/1…
[1A[JDownloading 第8话                1350/1…
[1A[JDownloading 第8话                1353/1…
[1A[JDownloading 第8话                1353/1…
[1A[JDownloading 第8话                1357/1…
[1A[JDownloading 第8话                1358/1…
[1A[JDownloading 第8话                1359/1…
[1A[JDownloading 第8话                1361/1…
[1A[JDownloading 第8话                1363/1…
[1A[JDownloading 第8话                1366/1…
[1A[JDownloading 第8话                1369/1…
[1A[JDownloading 第8话                1370/1…
[1A[JDownloading 第8话                1569/1…
[1A[JDownloading 第8话                1570/1…
[1A[JDownloading 第8话                1571/1…
[1A[JDownloading 第8话                1575/1…
[1A[JDownloading 第8话                1577/1…
[1A[JDownloading 第8话                1578/1…
[1A[JDownloading 第8话                1579/1…
[1A[JDownloading 第8话                1582/1…
[1A[JDownloading 第8话                1584/1…
[1A[JDownloading 第8话                1585/1…
[1A[JDownloading 第8话                1587/1…
[1A[JDownloading 第8话                1590/1…
[1A[JDownloading 第8话                1591/1…
[1A[JDownloading 第8话                1595/1…
[1A[JDownloading 第8话                1596/1…
[1A[JDownloading 第8话                1598/1…
[1A[JDownloading 第8话                1599/1…
[1A[JDownloading 第8话                1601/1…
[1A[JDownloading 第8话                1601/1…
[1A[JDownloading 第8话                1605/1…
[1A[JDownloading 第8话                1609/1…
[1A[JDownloading 第8话                1613/1…
[1A[JDownloading 第10话               1614/1…
[1A[JDownloading 第10话               1618/1…
[1A[JDownloading 第10话               1619/1…
[1A[JDownloading 第10话               1619/1…
[1A[JDownloading 第10话               1622/1…
[1A[JDownloading 第10话               1622/1…
[1A[JDownloading 第10话               1623/1…
[1A[JDownloading 第10话               1626/1…
[1A[JDownloading 第10话               1628/1…
[1A[JDownloading 第10话               1631/1…
[1A[JDownloading 第10话               1634/1…
[1A[JDownloading 第10话               1638/1…
[1A[JDownloading 第10话               1641/1…
[1A[JDownloading 第10话               1644/1…
[1A[JDownloading 第10话               1756/1…
[1A[JDownloading 第10话               1756/1…
[1A[JDownloading 第10话               1756/1…
[1A[JDownloading 第10话               1758/1…
[1A[JDownloading 第10话               1760/1…
[1A[JDownloading 第10话               1761/1…
[1A[JDownloading 第10话               1762/1…
[1A[JDownloading 第10话               1766/1…
[1A[JDownloading 第10话               1767/1…
[1A[JDownloading 第10话               1768/1…
[1A[JDownloading 第10话               1774/1…
[1A[JDownloading 第10话               1775/1…
[1A[JDownloading 第10话               1775/1…
[1A[JDownloading 第10话               1776/1…
[1A[JDownloading 第10话               1779/1…
[1A[JDownloading 第10话               1780/1…
[1A[JDownloading 第10话               1782/1…
[1A[JDownloading 第10话               1783/1…
[1A[JDownloading 第10话               1784/1…
[1A[JDownloading 第10话               1788/1…
[1A[JDownloading 第10话               1790/1…
[1A[JDownloading 第10话               1792/1…
[1A[JDownloading 第10话               1795/1…
[1A[JDownloading 第10话               1797/1…
[1A[JDownloading 第10话               1797/1…
[1A[JDownloading 第10话               1798/1…
[1A[JDownloading 第10话               1799/1…
[1A[JDownloading 第10话               1801/1…
[1A[JDownloading 第10话               1801/1…
[1A[JDownloading 第10话               1802/1…
[1A[JDownloading 第10话               1910/1…
[1A[JDownloading 第10话               1910/1…
[1A[JDownloading 第11话               1910/1…
[1A[JDownloading 第11话               1911/1…
[1A[JDownloading 第11话               1915/1…
[1A[JDownloading 第11话               1916/1…
[1A[JDownloading 第11话               1918/1…
[1A[JDownloading 第11话               1920/1…
[1A[JDownloading 第11话               1924/1…
[1A[JDownloading 第11话               1924/1…
[1A[JDownloading 第11话               1924/1…
[1A[JDownloading 第11话               1925/1…
[1A[JDownloading 第11话               1925/1…
[1A[JDownloading 第11话               1928/1…
[1A[JDownloading 第11话               1928/1…
[1A[JDownloading 第11话               1931/1…
[1A[JDownloading 第11话               1933/1…
[1A[JDownloading 第11话               1937/1…
[1A[JDownloading 第11话               1939/1…
[1A[JDownloading 第11话               1941/1…
[1A[JDownloading 第11话               1941/1…
[1A[JDownloading 第11话               1945/1…
[1A[JDownloading 第11话               1947/1…
[1A[JDownloading 第11话               1950/1…
[1A[JDownloading 第11话               1950/1…
[1A[JDownloading 第11话               1950/1…
[1A[JDownloading 第11话               1952/1…
[1A[JDownloading 第11话               1953/1…
[1A[JDownloading 第11话               1956/1…
[1A[JDownloading 第11话               1959/1…
[1A[JDownloading 第11话               1959/1…
[1A[JDownloading 第12话               1963/1…
[1A[JDownloading 第12话               1965/1…
- error fetching chapter 第9话: Get "https://cn.bzmgcn.com/user/page_direct?comic_id=zhihuojintiandelunhuiqishi-leehyunminiankanara&section_slot=0&chapter_slot=9": dial tcp 104.143.42.96:443: connectex: A connection attempt failed because the connected party did not properly respond after a period of time, or established connection failed because connected host has failed to respond.
[1A[JDownloading 第12话               1965/1…
[1A[JDownloading 第12话               1968/1…
[1A[JDownloading 第12话               1968/1…
[1A[JDownloading 第12话               1970/1…
[1A[JDownloading 第12话               1972/1…
[1A[JDownloading 第12话               1975/1…
[1A[JDownloading 第12话               1975/1…
[1A[JDownloading 第12话               1976/1…
[1A[JDownloading 第12话               1979/1…
[1A[JDownloading 第12话               1984/1…
[1A[JDownloading 第12话               1986/1…
[1A[JDownloading 第12话               1986/1…
[1A[JDownloading 第12话               1992/1…
[1A[JDownloading 第12话               1994/1…
[1A[JDownloading 第12话               1996/1…
[1A[JDownloading 第12话               1996/1…
[1A[JDownloading 第12话               1997/1…
[1A[JDownloading 第12话               2000/1…
[1A[JDownloading 第12话               2002/1…
[1A[JDownloading 第12话               2006/1…
[1A[JDownloading 第12话               2008/1…
[1A[JDownloading 第12话               2012/1…
[1A[JDownloading 第12话               2015/1…
[1A[JDownloading 第12话               2015/1…
[1A[JDownloading 第12话               2018/1…
[1A[JDownloading 第12话               2019/1…
[1A[JDownloading 第12话               2023/1…
[1A[JDownloading 第12话               2025/1…
[1A[JDownloading 第12话               2026/1…
[1A[JDownloading 第12话               2028/1…
[1A[JDownloading 第12话               2029/1…
[1A[JDownloading 第12话               2031/1…
[1A[JDownloading 第13话               2032/1…
[1A[JDownloading 第13话               2038/1…
[1A[JDownloading 第13话               2038/1…
[1A[JDownloading 第13话               2039/1…
[1A[JDownloading 第13话               2041/1…
[1A[JDownloading 第13话               2042/1…
[1A[JDownloading 第13话               2043/1…
[1A[JDownloading 第13话               2045/1…
[1A[JDownloading 第13话               2046/1…
[1A[JDownloading 第13话               2049/1…
[1A[JDownloading 第13话               2051/1…
[1A[JDownloading 第13话               2056/1…
[1A[JDownloading 第13话               2059/1…
[1A[JDownloading 第13话               2060/1…
[1A[JDownloading 第13话               2065/1…
[1A[JDownloading 第13话               2068/1…
[1A[JDownloading 第13话               2071/1…
[1A[JDownloading 第13话               2072/1…
[1A[JDownloading 第13话               2073/1…
[1A[JDownloading 第13话               2075/1…
[1A[JDownloading 第13话               2078/1…
[1A[JDownloading 第13话               2080/1…
[1A[JDownloading 第13话               2082/1…
[1A[JDownloading 第13话               2088/1…
[1A[JDownloading 第13话               2088/1…
[1A[JDownloading 第13话               2092/1…
[1A[JDownloading 第13话               2092/1…
[1A[JDownloading 第13话               2093/1…
[1A[JDownloading 第13话               2096/1…
[1A[JDownloading 第13话               2100/1…
[1A[JDownloading 第13话               2103/1…
[1A[JDownloading 第13话               2106/1…
[1A[JDownloading 第13话               2108/1…
[1A[JDownloading 第13话               2111/1…
[1A[JDownloading 第13话               2113/1…
[1A[JDownloading 第13话               2115/1…
[1A[JDownloading 第13话               2116/1…
[1A[JDownloading 第13话               2118/1…
[1A[JDownloading 第13话               2120/1…
[1A[JDownloading 第13话               2123/1…
[1A[JDownloading 第13话               2124/1…
[1A[JDownloading 第13话               2126/1…
[1A[JDownloading 第13话               2128/1…
[1A[JDownloading 第13话               2130/1…
[1A[JDownloading 第13话               2132/1…
[1A[JDownloading 第13话               2139/1…
[1A[JDownloading 第13话               2142/1…
[1A[JDownloading 第13话               2143/1…
[1A[JDownloading 第13话               2144/1…
[1A[JDownloading 第13话               2146/1…
[1A[JDownloading 第13话               2146/1…
[1A[JDownloading 第13话               2146/1…
[1A[JDownloading 第13话               2146/1…
[1A[JDownloading 第13话               2148/1…
[1A[JDownloading 第13话               2151/1…
[1A[JDownloading 第13话               2152/1…
[1A[JDownloading 第13话               2154/1…
[1A[JDownloading 第13话               2159/1…
[1A[JDownloading 第13话               2160/1…
[1A[JDownloading 第13话               2164/1…
[1A[JDownloading 第13话               2168/1…
[1A[JDownloading 第13话               2170/1…
[1A[JDownloading 第13话               2171/1…
[1A[JDownloading 第13话               2172/1…
[1A[JDownloading 第13话               2172/1…
[1A[JDownloading 第13话               2174/1…
[1A[JDownloading 第13话               2176/1…
[1A[JDownloading 第13话               2303/1…
[1A[JDownloading 第13话               2305/1…
[1A[JDownloading 第13话               2306/1…
[1A[JDownloading 第13话               2309/1…
[1A[JDownloading 第13话               2312/1…
[1A[JDownloading 第13话               2315/1…
[1A[JDownloading 第13话               2316/1…
[1A[JDownloading 第13话               2318/1…
[1A[JDownloading 第13话               2319/1…
[1A[JDownloading 第13话               2325/1…
[1A[JDownloading 第13话               2325/1…
[1A[JDownloading 第13话               2327/1…
[1A[JDownloading 第13话               2328/1…
[1A[JDownloading 第13话               2330/1…
[1A[JDownloading 第13话               2331/1…
[1A[JDownloading 第13话               2334/1…
[1A[JDownloading 第13话               2336/1…
[1A[JDownloading 第13话               2337/1…
[1A[JDownloading 第13话               2338/1…
[1A[JDownloading 第13话               2339/1…
[1A[JDownloading 第13话               2340/1…
[1A[JDownloading 第13话               2343/1…
[1A[JDownloading 第13话               2346/1…
[1A[JDownloading 第13话               2347/1…
[1A[JDownloading 第13话               2349/1…
[1A[JDownloading 第13话               2351/1…
[1A[JDownloading 第13话               2351/1…
[1A[JDownloading 第13话               2354/1…
[1A[JDownloading 第13话               2355/1…
[1A[JDownloading 第13话               2355/1…
[1A[JDownloading 第13话               2358/1…
[1A[JDownloading 第13话               2361/1…
[1A[JDownloading 第14话               2362/1…
[1A[JDownloading 第14话               2363/1…
[1A[JDownloading 第14话               2363/1…
[1A[JDownloading 第14话               2365/1…
[1A[JDownloading 第14话               2365/1…
[1A[JDownloading 第14话               2367/1…
[1A[JDownloading 第14话               2370/1…
[1A[JDownloading 第14话               2371/1…
[1A[JDownloading 第14话               2373/1…
[1A[JDownloading 第14话               2374/1…
[1A[JDownloading 第14话               2375/1…
[1A[JDownloading 第14话               2380/1…
[1A[JDownloading 第14话               2381/1…
[1A[JDownloading 第14话               2386/1…
[1A[JDownloading 第14话               2388/1…
[1A[JDownloading 第14话               2391/1…
[1A[JDownloading 第14话               2393/1…
[1A[JDownloading 第14话               2397/1…
[1A[JDownloading 第14话               2400/1…
[1A[JDownloading 第14话               2400/1…
[1A[JDownloading 第14话               2512/1…
[1A[JDownloading 第14话               2514/1…
[1A[JDownloading 第14话               2514/1…
[1A[JDownloading 第14话               2515/1…
[1A[JDownloading 第14话               2518/1…
[1A[JDownloading 第14话               2518/1…
[1A[JDownloading 第14话               2519/1…
[1A[JDownloading 第14话               2522/1…
[1A[JDownloading 第14话               2524/1…
[1A[JDownloading 第14话               2615/1…
[1A[JDownloading 第14话               2616/1…
[1A[JDownloading 第14话               2617/1…
[1A[JDownloading 第14话               2620/1…
[1A[JDownloading 第14话               2622/1…
[1A[JDownloading 第14话               2624/1…
[1A[JDownloading 第14话               2626/1…
[1A[JDownloading 第14话               2629/1…
[1A[JDownloading 第14话               2630/1…
[1A[JDownloading 第14话               2632/1…
[1A[JDownloading 第14话               2635/1…
[1A[JDownloading 第14话               2635/1…
[1A[JDownloading 第14话               2638/1…
[1A[JDownloading 第14话               2639/1…
[1A[JDownloading 第15话               2641/1…
[1A[JDownloading 第15话               2642/1…
[1A[JDownloading 第15话               2754/1…
[1A[JDownloading 第15话               2755/1…
[1A[JDownloading 第15话               2755/1…
[1A[JDownloading 第15话               2755/1…
[1A[JDownloading 第15话               2757/1…
[1A[JDownloading 第15话               2757/1…
[1A[JDownloading 第15话               2759/1…
[1A[JDownloading 第17话               2760/1…
[1A[JDownloading 第17话               2762/1…
[1A[JDownloading 第17话               2767/1…
[1A[JDownloading 第17话               2768/1…
[1A[JDownloading 第17话               2769/1…
[1A[JDownloading 第17话               2773/1…
[1A[JDownloading 第17话               2774/1…
[1A[JDownloading 第17话               2776/1…
[1A[JDownloading 第17话               2777/1…
[1A[JDownloading 第17话               2777/1…
[1A[JDownloading 第17话               2779/1…
[1A[JDownloading 第17话               2781/1…
[1A[JDownloading 第17话               2784/1…
[1A[JDownloading 第17话               2785/1…
[1A[JDownloading 第17话               2788/1…
[1A[JDownloading 第17话               2790/1…
[1A[JDownloading 第17话               2792/1…
[1A[JDownloading 第17话               2797/1…
[1A[JDownloading 第17话               2799/1…
[1A[JDownloading 第17话               2801/1…
[1A[JDownloading 第17话               2802/1…
[1A[JDownloading 第17话               2807/1…
[1A[JDownloading 第17话               2808/1…
[1A[JDownloading 第17话               2810/1…
[1A[JDownloading 第18话               2815/1…
[1A[JDownloading 第18话               2817/1…
[1A[JDownloading 第18话               2818/1…
[1A[JDownloading 第18话               2820/1…
[1A[JDownloading 第18话               2820/1…
[1A[JDownloading 第18话               2825/1…
[1A[JDownloading 第18话               2828/1…
[1A[JDownloading 第18话               2832/1…
[1A[JDownloading 第18话               2836/1…
[1A[JDownloading 第18话               2838/1…
[1A[JDownloading 第18话               2840/1…
[1A[JDownloading 第18话               2844/1…
[1A[JDownloading 第18话               2949/1…
[1A[JDownloading 第18话               2952/1…
[1A[JDownloading 第18话               2956/1…
[1A[JDownloading 第18话               2959/1…
[1A[JDownloading 第18话               2959/1…
[1A[JDownloading 第18话               2959/1…
[1A[JDownloading 第18话               2964/1…
[1A[JDownloading 第18话               2965/1…
[1A[JDownloading 第18话               2967/1…
[1A[JDownloading 第18话               2968/1…
[1A[JDownloading 第18话               2970/1…
[1A[JDownloading 第18话               2972/1…
[1A[JDownloading 第18话               2974/1…
[1A[JDownloading 第18话               2976/1…
[1A[JDownloading 第18话               2978/1…
[1A[JDownloading 第18话               2979/1…
[1A[JDownloading 第18话               2982/1…
[1A[JDownloading 第18话               2986/1…
[1A[JDownloading 第18话               2990/1…
[1A[JDownloading 第18话               2991/1…
[1A[JDownloading 第18话               2993/1…
[1A[JDownloading 第18话               2994/1…
[1A[JDownloading 第18话               2996/1…
[1A[JDownloading 第18话               2999/1…
[1A[JDownloading 第19话               3003/1…
[1A[JDownloading 第19话               3004/1…
[1A[JDownloading 第19话               3006/1…
[1A[JDownloading 第19话               3009/1…
[1A[JDownloading 第19话               3014/1…
[1A[JDownloading 第19话               3014/1…
[1A[JDownloading 第19话               3015/1…
[1A[JDownloading 第19话               3018/1…
[1A[JDownloading 第19话               3019/1…
[1A[JDownloading 第19话               3021/1…
[1A[JDownloading 第19话               3026/1…
[1A[JDownloading 第19话               3030/1…
[1A[JDownloading 第19话               3036/1…
[1A[JDownloading 第19话               3037/1…
[1A[JDownloading 第19话               3042/1…
[1A[JDownloading 第19话               3044/1…
[1A[JDownloading 第19话               3048/1…
[1A[JDownloading 第19话               3049/1…
[1A[JDownloading 第19话               3051/1…
[1A[JDownloading 第19话               3056/1…
[1A[JDownloading 第19话               3056/1…
[1A[JDownloading 第19话               3057/1…
[1A[JDownloading 第19话               3061/1…
[1A[JDownloading 第19话               3066/1…
[1A[JDownloading 第19话               3071/1…
[1A[JDownloading 第19话               3071/1…
[1A[JDownloading 第19话               3075/1…
[1A[JDownloading 第19话               3077/1…
[1A[JDownloading 第19话               3081/1…
[1A[JDownloading 第19话               3088/1…
[1A[JDownloading 第19话               3091/1…
[1A[JDownloading 第19话               3096/1…
[1A[JDownloading 第19话               3099/1…
[1A[JDownloading 第19话               3100/1…
[1A[JDownloading 第19话               3104/1…
[1A[JDownloading 第19话               3106/1…
[1A[JDownloading 第19话               3106/1…
[1A[JDownloading 第19话               3111/1…
[1A[JDownloading 第19话               3113/1…
[1A[JDownloading 第19话               3114/1…
[1A[JDownloading 第19话               3116/1…
[1A[JDownloading 第19话               3119/1…
[1A[JDownloading 第19话               3122/1…
[1A[JDownloading 第19话               3122/1…
[1A[JDownloading 第19话               3129/1…
[1A[JDownloading 第19话               3132/1…
[1A[JDownloading 第19话               3137/1…
[1A[JDownloading 第19话               3144/1…
[1A[JDownloading 第19话               3145/1…
[1A[JDownloading 第19话               3146/1…
[1A[JDownloading 第19话               3148/1…
[1A[JDownloading 第19话               3149/1…
[1A[JDownloading 第19话               3151/1…
[1A[JDownloading 第19话               3154/1…
[1A[JDownloading 第19话               3156/1…
[1A[JDownloading 第19话               3161/1…
[1A[JDownloading 第19话               3163/1…
[1A[JDownloading 第19话               3165/1…
[1A[JDownloading 第19话               3170/1…
[1A[JDownloading 第19话               3174/1…
[1A[JDownloading 第19话               3178/1…
[1A[JDownloading 第19话               3182/1…
[1A[JDownloading 第19话               3184/1…
[1A[JDownloading 第19话               3185/1…
[1A[JDownloading 第19话               3185/1…
[1A[JDownloading 第19话               3190/1…
[1A[JDownloading 第19话               3192/1…
[1A[JDownloading 第19话               3195/1…
[1A[JDownloading 第19话               3200/1…
[1A[JDownloading 第19话               3206/1…
[1A[JDownloading 第19话               3208/1…
[1A[JDownloading 第19话               3209/1…
[1A[JDownloading 第19话               3210/1…
[1A[JDownloading 第19话               3213/1…
[1A[JDownloading 第19话               3216/1…
[1A[JDownloading 第19话               3224/1…
[1A[JDownloading 第19话               3226/1…
[1A[JDownloading 第19话               3228/1…
[1A[JDownloading 第19话               3229/1…
[1A[JDownloading 第19话               3231/1…
[1A[JDownloading 第19话               3236/1…
[1A[JDownloading 第19话               3237/1…
[1A[JDownloading 第19话               3242/1…
[1A[JDownloading 第19话               3244/1…
[1A[JDownloading 第19话               3246/1…
[1A[JDownloading 第19话               3249/1…
[1A[JDownloading 第19话               3250/1…
[1A[JDownloading 第19话               3253/1…
[1A[JDownloading 第19话               3256/1…
[1A[JDownloading 第19话               3257/1…
[1A[JDownloading 第19话               3259/1…
[1A[JDownloading 第19话               3261/1…
[1A[JDownloading 第19话               3266/1…
[1A[JDownloading 第19话               3272/1…
[1A[JDownloading 第19话               3273/1…
[1A[JDownloading 第19话               3276/1…
[1A[JDownloading 第19话               3276/1…
[1A[JDownloading 第19话               3279/1…
[1A[JDownloading 第19话               3281/1…
[1A[JDownloading 第19话               3282/1…
[1A[JDownloading 第19话               3284/1…
[1A[JDownloading 第19话               3383/1…
[1A[JDownloading 第19话               3383/1…
[1A[JDownloading 第19话               3383/1…
[1A[JDownloading 第19话               3385/1…
[1A[JDownloading 第19话               3388/1…
[1A[JDownloading 第19话               3390/1…
[1A[JDownloading 第19话               3392/1…
[1A[JDownloading 第19话               3392/1…
[1A[JDownloading 第19话               3393/1…
[1A[JDownloading 第19话               3489/1…
[1A[JDownloading 第19话               3490/1…
[1A[JDownloading 第19话               3492/1…
[1A[JDownloading 第19话               3493/1…
[1A[JDownloading 第19话               3495/1…
[1A[JDownloading 第19话               3495/1…
[1A[JDownloading 第19话               3496/1…
[1A[JDownloading 第19话               3498/1…
[1A[JDownloading 第19话               3500/1…
[1A[JDownloading 第19话               3501/1…
[1A[JDownloading 第19话               3502/1…
[1A[JDownloading 第19话               3502/1…
[1A[JDownloading 第19话               3502/1…
[1A[JDownloading 第19话               3504/1…
[1A[JDownloading 第19话               3506/1…
[1A[JDownloading 第20话               3506/1…
[1A[JDownloading 第20话               3616/1…
[1A[JDownloading 第20话               3616/1…
[1A[JDownloading 第20话               3617/1…
[1A[JDownloading 第20话               3619/1…
[1A[JDownloading 第20话               3623/1…
[1A[JDownloading 第20话               3623/1…
[1A[JDownloading 第20话               3624/1…
[1A[JDownloading 第21话               3624/1…
[1A[JDownloading 第21话               3627/1…
[1A[JDownloading 第21话               3627/1…
[1A[JDownloading 第21话               3628/1…
[1A[JDownloading 第21话               3631/1…
[1A[JDownloading 第21话               3633/1…
[1A[JDownloading 第21话               3635/1…
[1A[JDownloading 第21话               3638/1…
[1A[JDownloading 第21话               3641/1…
[1A[JDownloading 第21话               3642/1…
[1A[JDownloading 第21话               3645/1…
[1A[JDownloading 第21话               3648/1…
[1A[JDownloading 第21话               3651/1…
[1A[JDownloading 第21话               3652/1…
[1A[JDownloading 第21话               3653/1…
[1A[JDownloading 第21话               3655/1…
[1A[JDownloading 第22话               3657/1…
[1A[JDownloading 第22话               3662/1…
[1A[JDownloading 第22话               3665/1…
[1A[JDownloading 第22话               3668/1…
[1A[JDownloading 第22话               3669/1…
[1A[JDownloading 第22话               3671/1…
[1A[JDownloading 第22话               3671/1…
[1A[JDownloading 第22话               3783/1…
[1A[JDownloading 第22话               3783/1…
[1A[JDownloading 第22话               3786/1…
[1A[JDownloading 第22话               3787/1…
[1A[JDownloading 第22话               3789/1…
[1A[JDownloading 第22话               3793/1…
[1A[JDownloading 第22话               3800/1…
[1A[JDownloading 第22话               3802/1…
[1A[JDownloading 第22话               3804/1…
[1A[JDownloading 第22话               3806/1…
[1A[JDownloading 第22话               3808/1…
[1A[JDownloading 第22话               3809/1…
[1A[JDownloading 第22话               3812/1…
[1A[JDownloading 第22话               3813/1…
[1A[JDownloading 第22话               3816/1…
[1A[JDownloading 第22话               3817/1…
[1A[JDownloading 第22话               3818/1…
[1A[JDownloading 第22话               3820/1…
[1A[JDownloading 第22话               3822/1…
[1A[JDownloading 第22话               3825/1…
[1A[JDownloading 第22话               3826/1…
[1A[JDownloading 第22话               3827/1…
[1A[JDownloading 第22话               3829/1…
[1A[JDownloading 第22话               3831/1…
[1A[JDownloading 第23话               3833/1…
[1A[JDownloading 第23话               3834/1…
[1A[JDownloading 第23话               3837/1…
[1A[JDownloading 第23话               3839/1…
[1A[JDownloading 第23话               3841/1…
[1A[JDownloading 第23话               3842/1…
[1A[JDownloading 第23话               3843/1…
[1A[JDownloading 第23话               3843/1…
[1A[JDownloading 第23话               3845/1…
[1A[JDownloading 第23话               3847/1…
[1A[JDownloading 第23话               3946/1…
[1A[JDownloading 第23话               3949/1…
[1A[JDownloading 第23话               3953/1…
[1A[JDownloading 第23话               3957/1…
[1A[JDownloading 第23话               3960/1…
[1A[JDownloading 第23话               3966/1…
[1A[JDownloading 第23话               3970/1…
[1A[JDownloading 第23话               3972/1…
[1A[JDownloading 第23话               3973/1…
[1A[JDownloading 第23话               3977/1…
[1A[JDownloading 第23话               3978/1…
[1A[JDownloading 第23话               3979/1…
[1A[JDownloading 第23话               3981/1…
[1A[JDownloading 第23话               3981/1…
[1A[JDownloading 第23话               3981/1…
[1A[JDownloading 第23话               3983/1…
[1A[JDownloading 第23话               3985/1…
[1A[JDownloading 第23话               3989/1…
[1A[JDownloading 第23话               3992/1…
[1A[JDownloading 第23话               3994/1…
[1A[JDownloading 第23话               3996/1…
[1A[JDownloading 第23话               3997/1…
[1A[JDownloading 第24话               3998/1…
[1A[JDownloading 第24话               4000/1…
[1A[JDownloading 第24话               4002/1…
[1A[JDownloading 第24话               4004/1…
[1A[JDownloading 第24话               4009/1…
[1A[JDownloading 第24话               4013/1…
[1A[JDownloading 第24话               4017/1…
[1A[JDownloading 第24话               4019/1…
[1A[JDownloading 第24话               4021/1…
[1A[JDownloading 第24话               4026/1…
[1A[JDownloading 第24话               4027/1…
[1A[JDownloading 第24话               4027/1…
[1A[JDownloading 第24话               4029/1…
[1A[JDownloading 第24话               4032/1…
[1A[JDownloading 第24话               4035/1…
[1A[JDownloading 第24话               4040/1…
[1A[JDownloading 第24话               4045/1…
[1A[JDownloading 第24话               4048/1…
[1A[JDownloading 第24话               4050/1…
[1A[JDownloading 第24话               4053/1…
[1A[JDownloading 第24话               4054/1…
[1A[JDownloading 第24话               4057/1…
[1A[JDownloading 第24话               4060/1…
[1A[JDownloading 第24话               4061/1…
[1A[JDownloading 第24话               4062/1…
[1A[JDownloading 第24话               4066/1…
[1A[JDownloading 第24话               4072/1…
[1A[JDownloading 第24话               4074/1…
[1A[JDownloading 第24话               4076/1…
[1A[JDownloading 第24话               4078/1…
[1A[JDownloading 第24话               4080/1…
[1A[JDownloading 第24话               4086/1…
[1A[JDownloading 第24话               4090/1…
[1A[JDownloading 第24话               4096/1…
[1A[JDownloading 第24话               4099/1…
[1A[JDownloading 第24话               4102/1…
[1A[JDownloading 第24话               4103/1…
[1A[JDownloading 第24话               4104/1…
[1A[JDownloading 第24话               4104/1…
[1A[JDownloading 第24话               4113/1…
[1A[JDownloading 第24话               4117/1…
[1A[JDownloading 第24话               4119/1…
[1A[JDownloading 第24话               4123/1…
[1A[JDownloading 第24话               4127/1…
[1A[JDownloading 第24话               4129/1…
[1A[JDownloading 第24话               4131/1…
[1A[JDownloading 第24话               4133/1…
[1A[JDownloading 第24话               4136/1…
[1A[JDownloading 第24话               4140/1…
[1A[JDownloading 第24话               4143/1…
[1A[JDownloading 第24话               4144/1…
[1A[JDownloading 第24话               4145/1…
[1A[JDownloading 第24话               4149/1…
[1A[JDownloading 第24话               4154/1…
[1A[JDownloading 第24话               4156/1…
[1A[JDownloading 第24话               4157/1…
[1A[JDownloading 第24话               4161/1…
[1A[JDownloading 第24话               4168/1…
[1A[JDownloading 第24话               4169/1…
[1A[JDownloading 第24话               4170/1…
[1A[JDownloading 第24话               4173/1…
[1A[JDownloading 第24话               4179/1…
[1A[JDownloading 第24话               4274/1…
[1A[JDownloading 第24话               4278/1…
[1A[JDownloading 第24话               4279/1…
[1A[JDownloading 第24话               4279/1…
[1A[JDownloading 第24话               4280/1…
[1A[JDownloading 第24话               4284/1…
[1A[JDownloading 第24话               4284/1…
[1A[JDownloading 第24话               4286/1…
[1A[JDownloading 第24话               4288/1…
[1A[JDownloading 第24话               4288/1…
[1A[JDownloading 第24话               4292/1…
[1A[JDownloading 第24话               4295/1…
[1A[JDownloading 第24话               4298/1…
[1A[JDownloading 第24话               4300/1…
[1A[JDownloading 第24话               4306/1…
[1A[JDownloading 第24话               4310/1…
[1A[JDownloading 第24话               4313/1…
[1A[JDownloading 第24话               4316/1…
[1A[JDownloading 第24话               4317/1…
[1A[JDownloading 第24话               4317/1…
[1A[JDownloading 第24话               4319/1…
[1A[JDownloading 第24话               4320/1…
[1A[JDownloading 第24话               4321/1…
[1A[JDownloading 第25话               4324/1…
[1A[JDownloading 第25话               4327/1…
[1A[JDownloading 第25话               4328/1…
[1A[JDownloading 第25话               4334/1…
[1A[JDownloading 第25话               4335/1…
[1A[JDownloading 第25话               4423/1…
[1A[JDownloading 第25话               4427/1…
[1A[JDownloading 第25话               4428/1…
[1A[JDownloading 第25话               4430/1…
[1A[JDownloading 第25话               4431/1…
[1A[JDownloading 第25话               4433/1…
[1A[JDownloading 第25话               4434/1…
[1A[JDownloading 第25话               4435/1…
[1A[JDownloading 第25话               4438/1…
[1A[JDownloading 第25话               4444/1…
[1A[JDownloading 第25话               4446/1…
[1A[JDownloading 第25话               4453/1…
[1A[JDownloading 第25话               4455/1…
[1A[JDownloading 第25话               4457/1…
[1A[JDownloading 第25话               4457/1…
[1A[JDownloading 第25话               4457/1…
[1A[JDownloading 第25话               4460/1…
[1A[JDownloading 第25话               4461/1…
[1A[JDownloading 第25话               4461/1…
[1A[JDownloading 第25话               4462/1…
[1A[JDownloading 第25话               4464/1…
[1A[JDownloading 第25话               4569/1…
[1A[JDownloading 第25话               4572/1…
[1A[JDownloading 第26话               4575/1…
[1A[JDownloading 第26话               4578/1…
[1A[JDownloading 第26话               4580/1…
[1A[JDownloading 第26话               4582/1…
[1A[JDownloading 第26话               4582/1…
[1A[JDownloading 第26话               4583/1…
[1A[JDownloading 第26话               4583/1…
[1A[JDownloading 第26话               4585/1…
[1A[JDownloading 第26话               4585/1…
[1A[JDownloading 第26话               4587/1…
[1A[JDownloading 第26话               4590/1…
[1A[JDownloading 第26话               4593/1…
[1A[JDownloading 第26话               4596/1…
[1A[JDownloading 第26话               4598/1…
[1A[JDownloading 第26话               4603/1…
[1A[JDownloading 第26话               4605/1…
[1A[JDownloading 第26话               4607/1…
[1A[JDownloading 第26话               4607/1…
[1A[JDownloading 第26话               4610/1…
[1A[JDownloading 第26话               4611/1…
[1A[JDownloading 第26话               4612/1…
[1A[JDownloading 第27话               4612/1…
[1A[JDownloading 第27话               4612/1…
[1A[JDownloading 第27话               4612/1…
[1A[JDownloading 第27话               4613/1…
[1A[JDownloading 第27话               4613/1…
[1A[JDownloading 第27话               4613/1…
[1A[JDownloading 第27话               4614/1…
[1A[JDownloading 第27话               4616/1…
[1A[JDownloading 第27话               4619/1…
[1A[JDownloading 第27话               4695/1…
[1A[JDownloading 第27话               4696/1…
[1A[JDownloading 第27话               4697/1…
[1A[JDownloading 第27话               4699/1…
[1A[JDownloading 第27话               4699/1…
[1A[JDownloading 第27话               4700/1…
[1A[JDownloading 第27话               4701/1…
[1A[JDownloading 第27话               4702/1…
[1A[JDownloading 第27话               4702/1…
[1A[JDownloading 第27话               4702/1…
[1A[JDownloading 第27话               4702/1…
[1A[JDownloading 第27话               4703/1…
[1A[JDownloading 第27话               4704/1…
[1A[JDownloading 第27话               4707/1…
[1A[JDownloading 第27话               4709/1…
[1A[JDownloading 第27话               4709/1…
[1A[JDownloading 第27话               4711/1…
[1A[JDownloading 第27话               4713/1…
[1A[JDownloading 第27话               4715/1…
[1A[JDownloading 第27话               4719/1…
[1A[JDownloading 第27话               4720/1…
[1A[JDownloading 第27话               4721/1…
[1A[JDownloading 第27话               4723/1…
[1A[JDownloading 第27话               4725/1…
[1A[JDownloading 第27话               4725/1…
[1A[JDownloading 第27话               4725/1…
[1A[JDownloading 第27话               4726/1…
[1A[JDownloading 第27话               4729/1…
[1A[JDownloading 第27话               4729/1…
[1A[JDownloading 第27话               4729/1…
[1A[JDownloading 第27话               4733/1…
[1A[JDownloading 第27话               4734/1…
[1A[JDownloading 第27话               4736/1…
[1A[JDownloading 第28话               4738/1…
[1A[JDownloading 第28话               4739/1…
[1A[JDownloading 第28话               4740/1…
[1A[JDownloading 第28话               4740/1…
[1A[JDownloading 第28话               4742/1…
[1A[JDownloading 第28话               4743/1…
[1A[JDownloading 第28话               4745/1…
[1A[JDownloading 第28话               4746/1…
[1A[JDownloading 第28话               4747/1…
[1A[JDownloading 第28话               4748/1…
[1A[JDownloading 第28话               4752/1…
[1A[JDownloading 第28话               4755/1…
[1A[JDownloading 第28话               4759/1…
[1A[JDownloading 第28话               4759/1…
[1A[JDownloading 第28话               4761/1…
[1A[JDownloading 第28话               4763/1…
[1A[JDownloading 第28话               4765/1…
[1A[JDownloading 第28话               4769/1…
[1A[JDownloading 第28话               4773/1…
[1A[JDownloading 第28话               4775/1…
[1A[JDownloading 第28话               4777/1…
[1A[JDownloading 第28话               4780/1…
[1A[JDownloading 第28话               4781/1…
[1A[JDownloading 第28话               4783/1…
[1A[JDownloading 第28话               4784/1…
[1A[JDownloading 第28话               4787/1…
[1A[JDownloading 第28话               4789/1…
[1A[JDownloading 第28话               4790/1…
[1A[JDownloading 第28话               4794/1…
[1A[JDownloading 第28话               4795/1…
[1A[JDownloading 第28话               4797/1…
[1A[JDownloading 第28话               4801/1…
[1A[JDownloading 第28话               4801/1…
[1A[JDownloading 第28话               4802/1…
[1A[JDownloading 第28话               4804/1…
[1A[JDownloading 第28话               4806/1…
[1A[JDownloading 第28话               4810/1…
[1A[JDownloading 第28话               4816/1…
[1A[JDownloading 第28话               4817/1…
[1A[JDownloading 第28话               4819/1…
[1A[JDownloading 第28话               4820/1…
[1A[JDownloading 第28话               4821/1…
[1A[JDownloading 第28话               4824/1…
[1A[JDownloading 第28话               4826/1…
[1A[JDownloading 第28话               4827/1…
[1A[JDownloading 第28话               4828/1…
[1A[JDownloading 第28话               4830/1…
[1A[JDownloading 第28话               4836/1…
[1A[JDownloading 第28话               4838/1…
[1A[JDownloading 第28话               4842/1…
[1A[JDownloading 第28话               4844/1…
[1A[JDownloading 第28话               4848/1…
[1A[JDownloading 第28话               4851/1…
[1A[JDownloading 第28话               4851/1…
[1A[JDownloading 第28话               4853/1…
[1A[JDownloading 第28话               4854/1…
[1A[JDownloading 第28话               4856/1…
[1A[JDownloading 第28话               4857/1…
[1A[JDownloading 第28话               4857/1…
[1A[JDownloading 第28话               4858/1…
[1A[JDownloading 第28话               4862/1…
[1A[JDownloading 第28话               4863/1…
[1A[JDownloading 第28话               4864/1…
[1A[JDownloading 第28话               4865/1…
[1A[JDownloading 第28话               4867/1…
[1A[JDownloading 第28话               4868/1…
[1A[JDownloading 第28话               4873/1…
[1A[JDownloading 第28话               4874/1…
[1A[JDownloading 第28话               4875/1…
[1A[JDownloading 第28话               4878/1…
[1A[JDownloading 第28话               4878/1…
[1A[JDownloading 第28话               4880/1…
[1A[JDownloading 第28话               4881/1…
[1A[JDownloading 第28话               4883/1…
[1A[JDownloading 第28话               4887/1…
[1A[JDownloading 第28话               4889/1…
[1A[JDownloading 第28话               4890/1…
[1A[JDownloading 第28话               4890/1…
[1A[JDownloading 第28话               4893/1…
[1A[JDownloading 第28话               4895/1…
[1A[JDownloading 第28话               4897/1…
[1A[JDownloading 第28话               4897/1…
[1A[JDownloading 第28话               4899/1…
[1A[JDownloading 第28话               4901/1…
[1A[JDownloading 第28话               4903/1…
[1A[JDownloading 第28话               4905/1…
[1A[JDownloading 第28话               4905/1…
[1A[JDownloading 第28话               4906/1…
[1A[JDownloading 第28话               4908/1…
[1A[JDownloading 第28话               4909/1…
[1A[JDownloading 第28话               4910/1…
[1A[JDownloading 第28话               4912/1…
[1A[JDownloading 第28话               4914/1…
[1A[JDownloading 第28话               4916/1…
[1A[JDownloading 第28话               4919/1…
[1A[JDownloading 第28话               4919/1…
[1A[JDownloading 第28话               4920/1…
[1A[JDownloading 第28话               4920/1…
[1A[JDownloading 第28话               4921/1…
[1A[JDownloading 第28话               4921/1…
[1A[JDownloading 第28话               4922/1…
[1A[JDownloading 第28话               4922/1…
[1A[JDownloading 第28话               4923/1…
[1A[JDownloading 第28话               4924/1…
[1A[JDownloading 第28话               4925/1…
[1A[JDownloading 第28话               4925/1…
[1A[JDownloading 第28话               4995/1…
[1A[JDownloading 第28话               4995/1…
[1A[JDownloading 第28话               5077/1…
[1A[JDownloading 第28话               5077/1…
[1A[JDownloading 第28话               5151/1…
[1A[JDownloading 第28话               5152/1…
[1A[JDownloading 第28话               5153/1…
[1A[JDownloading 第28话               5154/1…
[1A[JDownloading 第28话               5154/1…
[1A[JDownloading 第28话               5155/1…
[1A[JDownloading 第28话               5156/1…
[1A[JDownloading 第28话               5156/1…
[1A[JDownloading 第28话               5156/1…
[1A[JDownloading 第28话               5159/1…
[1A[JDownloading 第28话               5160/1…
[1A[JDownloading 第28话               5161/1…
[1A[JDownloading 第28话               5232/1…
[1A[JDownloading 第28话               5232/1…
[1A[JDownloading 第28话               5232/1…
[1A[JDownloading 第28话               5232/1…
[1A[JDownloading 第28话               5232/1…
[1A[JDownloading 第28话               5232/1…
[1A[JDownloading 第29话               5232/1…
[1A[JDownloading 第29话               5232/1…
[1A[JDownloading 第29话               5232/1…
[1A[JDownloading 第30话               5232/1…
[1A[JDownloading 第30话               5232/1…
[1A[JDownloading 第31话               5232/1…
[1A[JDownloading 第31话               5232/1…
[1A[JDownloading 第31话               5232/1…
[1A[JDownloading 第31话               5232/1…
[1A[JDownloading 第31话               5232/1…
[1A[JDownloading 第31话               5232/1…
[1A[JDownloading 第31话               5232/1…
[1A[JDownloading 第31话               5233/1…
[1A[JDownloading 第31话               5236/1…
[1A[JDownloading 第31话               5238/1…
[1A[JDownloading 第31话               5238/1…
[1A[JDownloading 第32话               5239/1…
[1A[JDownloading 第32话               5239/1…
[1A[JDownloading 第32话               5244/1…
[1A[JDownloading 第32话               5249/1…
[1A[JDownloading 第32话               5249/1…
[1A[JDownloading 第32话               5249/1…
[1A[JDownloading 第32话               5251/1…
[1A[JDownloading 第32话               5254/1…
[1A[JDownloading 第32话               5255/1…
[1A[JDownloading 第32话               5259/1…
[1A[JDownloading 第32话               5260/1…
[1A[JDownloading 第32话               5263/1…
[1A[JDownloading 第32话               5264/1…
[1A[JDownloading 第32话               5265/1…
[1A[JDownloading 第32话               5357/1…
[1A[JDownloading 第32话               5357/1…
[1A[JDownloading 第32话               5363/1…
[1A[JDownloading 第32话               5366/1…
[1A[JDownloading 第32话               5368/1…
[1A[JDownloading 第32话               5373/1…
[1A[JDownloading 第32话               5374/1…
[1A[JDownloading 第32话               5376/1…
[1A[JDownloading 第32话               5376/1…
[1A[JDownloading 第32话               5377/1…
[1A[JDownloading 第32话               5381/1…
[1A[JDownloading 第32话               5382/1…
[1A[JDownloading 第32话               5384/1…
[1A[JDownloading 第32话               5386/1…
[1A[JDownloading 第32话               5388/1…
[1A[JDownloading 第32话               5391/1…
[1A[JDownloading 第32话               5391/1…
[1A[JDownloading 第32话               5395/1…
[1A[JDownloading 第32话               5401/1…
[1A[JDownloading 第32话               5402/1…
[1A[JDownloading 第32话               5404/1…
[1A[JDownloading 第32话               5407/1…
[1A[JDownloading 第33话               5411/1…
[1A[JDownloading 第33话               5413/1…
[1A[JDownloading 第33话               5415/1…
[1A[JDownloading 第33话               5418/1…
[1A[JDownloading 第33话               5418/1…
[1A[JDownloading 第33话               5418/1…
[1A[JDownloading 第33话               5421/1…
[1A[JDownloading 第33话               5424/1…
[1A[JDownloading 第33话               5426/1…
[1A[JDownloading 第33话               5430/1…
[1A[JDownloading 第33话               5432/1…
[1A[JDownloading 第33话               5436/1…
[1A[JDownloading 第33话               5440/1…
[1A[JDownloading 第33话               5446/1…
[1A[JDownloading 第33话               5449/1…
[1A[JDownloading 第33话               5452/1…
[1A[JDownloading 第33话               5456/1…
[1A[JDownloading 第33话               5456/1…
[1A[JDownloading 第33话               5462/1…
[1A[JDownloading 第33话               5465/1…
[1A[JDownloading 第33话               5469/1…
[1A[JDownloading 第33话               5471/1…
[1A[JDownloading 第33话               5473/1…
[1A[JDownloading 第33话               5474/1…
[1A[JDownloading 第33话               5479/1…
[1A[JDownloading 第33话               5480/1…
[1A[JDownloading 第33话               5480/1…
[1A[JDownloading 第33话               5484/1…
[1A[JDownloading 第33话               5489/1…
[1A[JDownloading 第33话               5492/1…
[1A[JDownloading 第33话               5496/1…
[1A[JDownloading 第33话               5498/1…
[1A[JDownloading 第33话               5502/1…
[1A[JDownloading 第33话               5505/1…
[1A[JDownloading 第33话               5508/1…
[1A[JDownloading 第33话               5510/1…
[1A[JDownloading 第33话               5513/1…
[1A[JDownloading 第33话               5514/1…
[1A[JDownloading 第33话               5516/1…
[1A[JDownloading 第33话               5519/1…
[1A[JDownloading 第33话               5521/1…
[1A[JDownloading 第33话               5523/1…
[1A[JDownloading 第33话               5527/1…
[1A[JDownloading 第33话               5528/1…
[1A[JDownloading 第33话               5532/1…
[1A[JDownloading 第33话               5535/1…
[1A[JDownloading 第33话               5538/1…
[1A[JDownloading 第33话               5542/1…
[1A[JDownloading 第33话               5546/1…
[1A[JDownloading 第33话               5547/1…
[1A[JDownloading 第33话               5548/1…
[1A[JDownloading 第33话               5553/1…
[1A[JDownloading 第33话               5556/1…
[1A[JDownloading 第33话               5557/1…
[1A[JDownloading 第33话               5562/1…
[1A[JDownloading 第33话               5566/1…
[1A[JDownloading 第33话               5566/1…
[1A[JDownloading 第33话               5570/1…
[1A[JDownloading 第33话               5573/1…
[1A[JDownloading 第33话               5573/1…
[1A[JDownloading 第33话               5577/1…
[1A[JDownloading 第33话               5579/1…
[1A[JDownloading 第33话               5581/1…
[1A[JDownloading 第33话               5584/1…
[1A[JDownloading 第33话               5585/1…
[1A[JDownloading 第33话               5586/1…
[1A[JDownloading 第33话               5589/1…
[1A[JDownloading 第33话               5592/1…
[1A[JDownloading 第33话               5597/1…
[1A[JDownloading 第33话               5599/1…
[1A[JDownloading 第33话               5602/1…
[1A[JDownloading 第33话               5672/1…
[1A[JDownloading 第33话               5676/1…
[1A[JDownloading 第33话               5678/1…
[1A[JDownloading 第33话               5683/1…
[1A[JDownloading 第33话               5684/1…
[1A[JDownloading 第33话               5688/1…
[1A[JDownloading 第33话               5688/1…
[1A[JDownloading 第33话               5689/1…
[1A[JDownloading 第33话               5689/1…
[1A[JDownloading 第33话               5690/1…
[1A[JDownloading 第33话               5690/1…
[1A[JDownloading 第33话               5693/1…
[1A[JDownloading 第33话               5697/1…
[1A[JDownloading 第33话               5698/1…
[1A[JDownloading 第33话               5767/1…
[1A[JDownloading 第33话               5767/1…
[1A[JDownloading 第33话               5768/1…
[1A[JDownloading 第33话               5768/1…
[1A[JDownloading 第33话               5769/1…
[1A[JDownloading 第33话               5771/1…
[1A[JDownloading 第33话               5772/1…
[1A[JDownloading 第33话               5773/1…
[1A[JDownloading 第34话               5774/1…
[1A[JDownloading 第34话               5774/1…
[1A[JDownloading 第34话               5775/1…
[1A[JDownloading 第34话               5776/1…
[1A[JDownloading 第34话               5776/1…
[1A[JDownloading 第34话               5776/1…
[1A[JDownloading 第34话               5776/1…
[1A[JDownloading 第34话               5776/1…
[1A[JDownloading 第34话               5778/1…
[1A[JDownloading 第34话               5780/1…
[1A[JDownloading 第34话               5782/1…
[1A[JDownloading 第34话               5782/1…
[1A[JDownloading 第34话               5782/1…
[1A[JDownloading 第34话               5786/1…
[1A[JDownloading 第35话               5787/1…
[1A[JDownloading 第35话               5787/1…
[1A[JDownloading 第35话               5790/1…
[1A[JDownloading 第35话               5790/1…
[1A[JDownloading 第35话               5793/1…
[1A[JDownloading 第35话               5793/1…
[1A[JDownloading 第35话               5794/1…
[1A[JDownloading 第35话               5796/1…
[1A[JDownloading 第35话               5797/1…
[1A[JDownloading 第35话               5870/1…
[1A[JDownloading 第35话               5870/1…
[1A[JDownloading 第35话               5870/1…
[1A[JDownloading 第35话               5870/1…
[1A[JDownloading 第35话               5872/1…
[1A[JDownloading 第35话               5873/1…
[1A[JDownloading 第35话               5875/1…
[1A[JDownloading 第35话               5877/1…
[1A[JDownloading 第35话               5880/1…
[1A[JDownloading 第35话               5881/1…
[1A[JDownloading 第35话               5884/1…
[1A[JDownloading 第35话               5886/1…
[1A[JDownloading 第35话               5890/1…
[1A[JDownloading 第35话               5892/1…
[1A[JDownloading 第35话               5894/1…
[1A[JDownloading 第35话               5895/1…
[1A[JDownloading 第35话               5896/1…
[1A[JDownloading 第35话               5899/1…
[1A[JDownloading 第35话               5900/1…
[1A[JDownloading 第35话               5901/1…
[1A[JDownloading 第35话               5902/1…
[1A[JDownloading 第35话               5903/1…
[1A[JDownloading 第35话               5903/1…
[1A[JDownloading 第36话               5905/1…
[1A[JDownloading 第36话               5905/1…
[1A[JDownloading 第36话               5906/1…
[1A[JDownloading 第36话               5907/1…
[1A[JDownloading 第36话               5909/1…
[1A[JDownloading 第36话               5914/1…
[1A[JDownloading 第36话               5981/1…
[1A[JDownloading 第36话               5981/1…
[1A[JDownloading 第36话               5983/1…
[1A[JDownloading 第36话               5985/1…
[1A[JDownloading 第36话               5985/1…
[1A[JDownloading 第36话               5986/1…
[1A[JDownloading 第36话               5988/1…
[1A[JDownloading 第36话               5988/1…
[1A[JDownloading 第36话               5990/1…
[1A[JDownloading 第36话               5994/1…
[1A[JDownloading 第36话               5996/1…
[1A[JDownloading 第36话               5999/1…
[1A[JDownloading 第36话               6001/1…
[1A[JDownloading 第36话               6001/1…
[1A[JDownloading 第36话               6003/1…
[1A[JDownloading 第36话               6006/1…
[1A[JDownloading 第36话               6009/1…
[1A[JDownloading 第36话               6009/1…
[1A[JDownloading 第36话               6010/1…
[1A[JDownloading 第36话               6012/1…
[1A[JDownloading 第36话               6013/1…
[1A[JDownloading 第36话               6014/1…
[1A[JDownloading 第37话               6014/1…
[1A[JDownloading 第37话               6015/1…
[1A[JDownloading 第37话               6019/1…
[1A[JDownloading 第37话               6022/1…
[1A[JDownloading 第37话               6024/1…
[1A[JDownloading 第37话               6024/1…
[1A[JDownloading 第37话               6025/1…
[1A[JDownloading 第37话               6027/1…
[1A[JDownloading 第37话               6031/1…
[1A[JDownloading 第37话               6034/1…
[1A[JDownloading 第37话               6034/1…
[1A[JDownloading 第37话               6037/1…
[1A[JDownloading 第37话               6040/1…
[1A[JDownloading 第37话               6045/1…
[1A[JDownloading 第37话               6048/1…
[1A[JDownloading 第37话               6051/1…
[1A[JDownloading 第37话               6054/1…
[1A[JDownloading 第37话               6054/1…
[1A[JDownloading 第37话               6055/1…
[1A[JDownloading 第37话               6056/1…
[1A[JDownloading 第37话               6056/1…
[1A[JDownloading 第37话               6059/1…
[1A[JDownloading 第37话               6066/1…
[1A[JDownloading 第37话               6068/1…
[1A[JDownloading 第37话               6071/1…
[1A[JDownloading 第37话               6072/1…
[1A[JDownloading 第37话               6073/1…
[1A[JDownloading 第37话               6076/1…
[1A[JDownloading 第37话               6078/1…
[1A[JDownloading 第37话               6080/1…
[1A[JDownloading 第37话               6083/1…
[1A[JDownloading 第37话               6086/1…
[1A[JDownloading 第37话               6089/1…
[1A[JDownloading 第37话               6089/1…
[1A[JDownloading 第37话               6089/1…
[1A[JDownloading 第37话               6090/1…
[1A[JDownloading 第37话               6095/1…
[1A[JDownloading 第37话               6096/1…
[1A[JDownloading 第37话               6098/1…
[1A[JDownloading 第37话               6102/1…
[1A[JDownloading 第37话               6103/1…
[1A[JDownloading 第37话               6104/1…
[1A[JDownloading 第37话               6109/1…
[1A[JDownloading 第37话               6112/1…
[1A[JDownloading 第37话               6114/1…
[1A[JDownloading 第37话               6114/1…
[1A[JDownloading 第37话               6116/1…
[1A[JDownloading 第37话               6116/1…
[1A[JDownloading 第37话               6183/1…
[1A[JDownloading 第37话               6184/1…
[1A[JDownloading 第37话               6186/1…
[1A[JDownloading 第37话               6188/1…
[1A[JDownloading 第37话               6189/1…
[1A[JDownloading 第37话               6190/1…
[1A[JDownloading 第37话               6193/1…
[1A[JDownloading 第37话               6196/1…
[1A[JDownloading 第37话               6197/1…
[1A[JDownloading 第37话               6198/1…
[1A[JDownloading 第37话               6199/1…
[1A[JDownloading 第37话               6200/1…
[1A[JDownloading 第37话               6202/1…
[1A[JDownloading 第37话               6203/1…
[1A[JDownloading 第37话               6207/1…
[1A[JDownloading 第37话               6208/1…
[1A[JDownloading 第37话               6210/1…
[1A[JDownloading 第37话               6211/1…
[1A[JDownloading 第37话               6212/1…
[1A[JDownloading 第37话               6213/1…
[1A[JDownloading 第37话               6214/1…
[1A[JDownloading 第37话               6215/1…
[1A[JDownloading 第38话               6280/1…
[1A[JDownloading 第38话               6282/1…
[1A[JDownloading 第38话               6283/1…
[1A[JDownloading 第38话               6284/1…
[1A[JDownloading 第38话               6286/1…
[1A[JDownloading 第38话               6288/1…
[1A[JDownloading 第38话               6288/1…
[1A[JDownloading 第38话               6290/1…
[1A[JDownloading 第38话               6293/1…
[1A[JDownloading 第38话               6293/1…
[1A[JDownloading 第38话               6293/1…
[1A[JDownloading 第38话               6293/1…
[1A[JDownloading 第38话               6296/1…
[1A[JDownloading 第38话               6299/1…
[1A[JDownloading 第38话               6302/1…
[1A[JDownloading 第38话               6303/1…
[1A[JDownloading 第38话               6303/1…
[1A[JDownloading 第38话               6304/1…
[1A[JDownloading 第38话               6305/1…
[1A[JDownloading 第38话               6308/1…
[1A[JDownloading 第38话               6311/1…
[1A[JDownloading 第38话               6311/1…
[1A[JDownloading 第38话               6311/1…
[1A[JDownloading 第39话               6313/1…
[1A[JDownloading 第39话               6314/1…
[1A[JDownloading 第39话               6316/1…
[1A[JDownloading 第39话               6318/1…
[1A[JDownloading 第39话               6320/1…
[1A[JDownloading 第39话               6321/1…
[1A[JDownloading 第39话               6322/1…
[1A[JDownloading 第39话               6323/1…
[1A[JDownloading 第39话               6325/1…
[1A[JDownloading 第39话               6325/1…
[1A[JDownloading 第39话               6329/1…
[1A[JDownloading 第39话               6330/1…
[1A[JDownloading 第39话               6331/1…
[1A[JDownloading 第39话               6333/1…
[1A[JDownloading 第39话               6401/1…
[1A[JDownloading 第39话               6404/1…
[1A[JDownloading 第39话               6405/1…
[1A[JDownloading 第39话               6405/1…
[1A[JDownloading 第39话               6409/1…
[1A[JDownloading 第39话               6411/1…
[1A[JDownloading 第39话               6412/1…
[1A[JDownloading 第39话               6483/1…
[1A[JDownloading 第39话               6487/1…
[1A[JDownloading 第39话               6487/1…
[1A[JDownloading 第39话               6490/1…
[1A[JDownloading 第39话               6491/1…
[1A[JDownloading 第39话               6493/1…
[1A[JDownloading 第39话               6493/1…
[1A[JDownloading 第39话               6493/1…
[1A[JDownloading 第39话               6495/1…
[1A[JDownloading 第39话               6498/1…
[1A[JDownloading 第39话               6499/1…
[1A[JDownloading 第39话               6499/1…
[1A[JDownloading 第39话               6500/1…
[1A[JDownloading 第39话               6501/1…
[1A[JDownloading 第39话               6505/1…
[1A[JDownloading 第39话               6509/1…
[1A[JDownloading 第40话               6509/1…
[1A[JDownloading 第40话               6512/1…
[1A[JDownloading 第40话               6512/1…
[1A[JDownloading 第40话               6514/1…
[1A[JDownloading 第40话               6517/1…
[1A[JDownloading 第40话               6519/1…
[1A[JDownloading 第40话               6520/1…
[1A[JDownloading 第40话               6521/1…
[1A[JDownloading 第41话               6522/1…
[1A[JDownloading 第41话               6524/1…
[1A[JDownloading 第41话               6525/1…
[1A[JDownloading 第41话               6528/1…
[1A[JDownloading 第41话               6532/1…
[1A[JDownloading 第41话               6534/1…
[1A[JDownloading 第41话               6537/1…
[1A[JDownloading 第41话               6538/1…
[1A[JDownloading 第41话               6539/1…
[1A[JDownloading 第41话               6540/1…
[1A[JDownloading 第41话               6541/1…
[1A[JDownloading 第41话               6543/1…
[1A[JDownloading 第41话               6544/1…
[1A[JDownloading 第41话               6550/1…
[1A[JDownloading 第41话               6554/1…
[1A[JDownloading 第41话               6555/1…
[1A[JDownloading 第41话               6558/1…
[1A[JDownloading 第41话               6559/1…
[1A[JDownloading 第41话               6560/1…
[1A[JDownloading 第41话               6563/1…
[1A[JDownloading 第41话               6566/1…
[1A[JDownloading 第41话               6566/1…
[1A[JDownloading 第41话               6569/1…
[1A[JDownloading 第41话               6570/1…
[1A[JDownloading 第41话               6573/1…
[1A[JDownloading 第41话               6575/1…
[1A[JDownloading 第41话               6579/1…
[1A[JDownloading 第41话               6585/1…
[1A[JDownloading 第41话               6587/1…
[1A[JDownloading 第41话               6591/1…
[1A[JDownloading 第41话               6593/1…
[1A[JDownloading 第41话               6595/1…
[1A[JDownloading 第41话               6596/1…
[1A[JDownloading 第41话               6598/1…
[1A[JDownloading 第41话               6600/1…
[1A[JDownloading 第41话               6602/1…
[1A[JDownloading 第41话               6604/1…
[1A[JDownloading 第41话               6605/1…
[1A[JDownloading 第41话               6607/1…
[1A[JDownloading 第41话               6609/1…
[1A[JDownloading 第41话               6610/1…
[1A[JDownloading 第41话               6612/1…
[1A[JDownloading 第41话               6615/1…
[1A[JDownloading 第41话               6621/1…
[1A[JDownloading 第41话               6623/1…
[1A[JDownloading 第41话               6625/1…
[1A[JDownloading 第41话               6628/1…
[1A[JDownloading 第41话               6630/1…
[1A[JDownloading 第41话               6631/1…
[1A[JDownloading 第41话               6633/1…
[1A[JDownloading 第41话               6635/1…
[1A[JDownloading 第41话               6635/1…
[1A[JDownloading 第41话               6636/1…
[1A[JDownloading 第41话               6637/1…
[1A[JDownloading 第41话               6641/1…
[1A[JDownloading 第41话               6642/1…
[1A[JDownloading 第41话               6643/1…
[1A[JDownloading 第41话               6645/1…
[1A[JDownloading 第41话               6648/1…
[1A[JDownloading 第41话               6650/1…
[1A[JDownloading 第41话               6651/1…
[1A[JDownloading 第41话               6654/1…
[1A[JDownloading 第41话               6724/1…
[1A[JDownloading 第41话               6725/1…
[1A[JDownloading 第41话               6726/1…
[1A[JDownloading 第41话               6727/1…
[1A[JDownloading 第41话               6730/1…
[1A[JDownloading 第41话               6733/1…
[1A[JDownloading 第41话               6734/1…
[1A[JDownloading 第41话               6735/1…
[1A[JDownloading 第41话               6736/1…
[1A[JDownloading 第41话               6737/1…
[1A[JDownloading 第41话               6807/1…
[1A[JDownloading 第41话               6807/1…
[1A[JDownloading 第41话               6808/1…
[1A[JDownloading 第41话               6810/1…
[1A[JDownloading 第41话               6810/1…
[1A[JDownloading 第41话               6810/1…
[1A[JDownloading 第41话               6812/1…
[1A[JDownloading 第41话               6813/1…
[1A[JDownloading 第41话               6814/1…
[1A[JDownloading 第41话               6815/1…
[1A[JDownloading 第41话               6815/1…
[1A[JDownloading 第41话               6817/1…
[1A[JDownloading 第41话               6819/1…
[1A[JDownloading 第42话               6820/1…
[1A[JDownloading 第42话               6821/1…
[1A[JDownloading 第42话               6823/1…
[1A[JDownloading 第42话               6825/1…
[1A[JDownloading 第42话               6825/1…
[1A[JDownloading 第42话               6826/1…
[1A[JDownloading 第42话               6827/1…
[1A[JDownloading 第42话               6828/1…
[1A[JDownloading 第42话               6829/1…
[1A[JDownloading 第43话               6832/1…
[1A[JDownloading 第43话               6832/1…
[1A[JDownloading 第43话               6833/1…
[1A[JDownloading 第43话               6836/1…
[1A[JDownloading 第43话               6836/1…
[1A[JDownloading 第43话               6836/1…
[1A[JDownloading 第43话               6837/1…
[1A[JDownloading 第43话               6838/1…
[1A[JDownloading 第43话               6840/1…
[1A[JDownloading 第43话               6845/1…
[1A[JDownloading 第43话               6847/1…
[1A[JDownloading 第43话               6848/1…
[1A[JDownloading 第43话               6850/1…
[1A[JDownloading 第43话               6855/1…
[1A[JDownloading 第43话               6857/1…
[1A[JDownloading 第43话               6860/1…
[1A[JDownloading 第43话               6863/1…
[1A[JDownloading 第43话               6864/1…
[1A[JDownloading 第43话               6868/1…
[1A[JDownloading 第43话               6936/1…
[1A[JDownloading 第43话               6938/1…
[1A[JDownloading 第43话               6939/1…
[1A[JDownloading 第43话               6939/1…
[1A[JDownloading 第43话               6943/1…
[1A[JDownloading 第43话               6944/1…
[1A[JDownloading 第43话               6944/1…
[1A[JDownloading 第43话               6947/1…
[1A[JDownloading 第43话               6949/1…
[1A[JDownloading 第43话               6950/1…
[1A[JDownloading 第43话               6953/1…
[1A[JDownloading 第43话               6957/1…
[1A[JDownloading 第43话               6959/1…
[1A[JDownloading 第43话               6960/1…
[1A[JDownloading 第43话               6962/1…
[1A[JDownloading 第43话               6963/1…
[1A[JDownloading 第43话               6965/1…
[1A[JDownloading 第43话               6968/1…
[1A[JDownloading 第43话               6970/1…
[1A[JDownloading 第43话               6972/1…
[1A[JDownloading 第43话               6974/1…
[1A[JDownloading 第43话               6974/1…
[1A[JDownloading 第44话               6975/1…
[1A[JDownloading 第44话               6977/1…
[1A[JDownloading 第44话               6979/1…
[1A[JDownloading 第44话               6980/1…
[1A[JDownloading 第44话               6981/1…
[1A[JDownloading 第44话               6981/1…
[1A[JDownloading 第44话               6982/1…
[1A[JDownloading 第44话               7060/1…
[1A[JDownloading 第44话               7063/1…
[1A[JDownloading 第44话               7063/1…
[1A[JDownloading 第44话               7063/1…
[1A[JDownloading 第44话               7065/1…
[1A[JDownloading 第44话               7067/1…
[1A[JDownloading 第44话               7069/1…
[1A[JDownloading 第44话               7070/1…
[1A[JDownloading 第44话               7073/1…
[1A[JDownloading 第44话               7074/1…
[1A[JDownloading 第44话               7075/1…
[1A[JDownloading 第44话               7078/1…
[1A[JDownloading 第44话               7084/1…
[1A[JDownloading 第44话               7086/1…
[1A[JDownloading 第44话               7086/1…
[1A[JDownloading 第44话               7089/1…
[1A[JDownloading 第44话               7091/1…
[1A[JDownloading 第44话               7091/1…
[1A[JDownloading 第44话               7091/1…
[1A[JDownloading 第44话               7092/1…
[1A[JDownloading 第44话               7094/1…
[1A[JDownloading 第45话               7097/1…
[1A[JDownloading 第45话               7099/1…
[1A[JDownloading 第45话               7101/1…
[1A[JDownloading 第45话               7101/1…
[1A[JDownloading 第45话               7103/1…
[1A[JDownloading 第45话               7106/1…
[1A[JDownloading 第45话               7107/1…
[1A[JDownloading 第45话               7108/1…
[1A[JDownloading 第45话               7111/1…
[1A[JDownloading 第45话               7113/1…
[1A[JDownloading 第45话               7113/1…
[1A[JDownloading 第45话               7115/1…
[1A[JDownloading 第45话               7118/1…
[1A[JDownloading 第45话               7119/1…
[1A[JDownloading 第45话               7121/1…
[1A[JDownloading 第45话               7124/1…
[1A[JDownloading 第45话               7128/1…
[1A[JDownloading 第45话               7131/1…
[1A[JDownloading 第45话               7131/1…
[1A[JDownloading 第45话               7133/1…
[1A[JDownloading 第45话               7137/1…
[1A[JDownloading 第45话               7138/1…
[1A[JDownloading 第45话               7142/1…
[1A[JDownloading 第45话               7144/1…
[1A[JDownloading 第45话               7146/1…
[1A[JDownloading 第45话               7149/1…
[1A[JDownloading 第45话               7150/1…
[1A[JDownloading 第45话               7151/1…
[1A[JDownloading 第45话               7155/1…
[1A[JDownloading 第45话               7163/1…
[1A[JDownloading 第45话               7163/1…
[1A[JDownloading 第45话               7165/1…
[1A[JDownloading 第45话               7167/1…
[1A[JDownloading 第45话               7168/1…
[1A[JDownloading 第45话               7169/1…
[1A[JDownloading 第45话               7171/1…
[1A[JDownloading 第45话               7173/1…
[1A[JDownloading 第45话               7177/1…
[1A[JDownloading 第45话               7179/1…
[1A[JDownloading 第45话               7182/1…
[1A[JDownloading 第45话               7182/1…
[1A[JDownloading 第45话               7183/1…
[1A[JDownloading 第45话               7187/1…
[1A[JDownloading 第45话               7189/1…
[1A[JDownloading 第45话               7192/1…
[1A[JDownloading 第45话               7195/1…
[1A[JDownloading 第45话               7199/1…
[1A[JDownloading 第45话               7200/1…
[1A[JDownloading 第45话               7200/1…
[1A[JDownloading 第45话               7201/1…
[1A[JDownloading 第45话               7266/1…
[1A[JDownloading 第45话               7268/1…
[1A[JDownloading 第45话               7269/1…
[1A[JDownloading 第45话               7273/1…
[1A[JDownloading 第45话               7279/1…
[1A[JDownloading 第45话               7281/1…
[1A[JDownloading 第45话               7283/1…
[1A[JDownloading 第45话               7284/1…
[1A[JDownloading 第45话               7284/1…
[1A[JDownloading 第45话               7284/1…
[1A[JDownloading 第45话               7285/1…
[1A[JDownloading 第45话               7286/1…
[1A[JDownloading 第45话               7288/1…
[1A[JDownloading 第45话               7288/1…
[1A[JDownloading 第45话               7289/1…
[1A[JDownloading 第45话               7291/1…
[1A[JDownloading 第45话               7295/1…
[1A[JDownloading 第45话               7296/1…
[1A[JDownloading 第45话               7299/1…
[1A[JDownloading 第45话               7301/1…
[1A[JDownloading 第45话               7301/1…
[1A[JDownloading 第46话               7302/1…
[1A[JDownloading 第46话               7306/1…
[1A[JDownloading 第46话               7307/1…
[1A[JDownloading 第46话               7308/1…
[1A[JDownloading 第46话               7309/1…
[1A[JDownloading 第46话               7309/1…
[1A[JDownloading 第46话               7310/1…
[1A[JDownloading 第46话               7310/1…
[1A[JDownloading 第46话               7311/1…
[1A[JDownloading 第46话               7314/1…
[1A[JDownloading 第46话               7316/1…
[1A[JDownloading 第46话               7319/1…
[1A[JDownloading 第46话               7397/1…
[1A[JDownloading 第46话               7397/1…
[1A[JDownloading 第46话               7398/1…
[1A[JDownloading 第46话               7403/1…
[1A[JDownloading 第46话               7406/1…
[1A[JDownloading 第46话               7408/1…
[1A[JDownloading 第46话               7408/1…
[1A[JDownloading 第46话               7409/1…
[1A[JDownloading 第46话               7411/1…
[1A[JDownloading 第46话               7411/1…
[1A[JDownloading 第46话               7412/1…
[1A[JDownloading 第46话               7412/1…
[1A[JDownloading 第46话               7414/1…
[1A[JDownloading 第46话               7415/1…
[1A[JDownloading 第46话               7417/1…
[1A[JDownloading 第46话               7418/1…
[1A[JDownloading 第46话               7420/1…
[1A[JDownloading 第46话               7421/1…
[1A[JDownloading 第46话               7424/1…
[1A[JDownloading 第46话               7424/1…
[1A[JDownloading 第46话               7427/1…
[1A[JDownloading 第46话               7428/1…
[1A[JDownloading 第47话               7428/1…
[1A[JDownloading 第47话               7428/1…
[1A[JDownloading 第47话               7430/1…
[1A[JDownloading 第47话               7430/1…
[1A[JDownloading 第47话               7430/1…
[1A[JDownloading 第47话               7430/1…
[1A[JDownloading 第47话               7432/1…
[1A[JDownloading 第47话               7433/1…
[1A[JDownloading 第47话               7433/1…
[1A[JDownloading 第47话               7434/1…
[1A[JDownloading 第47话               7435/1…
[1A[JDownloading 第47话               7437/1…
[1A[JDownloading 第47话               7440/1…
[1A[JDownloading 第47话               7442/1…
[1A[JDownloading 第47话               7443/1…
[1A[JDownloading 第47话               7445/1…
[1A[JDownloading 第47话               7449/1…
[1A[JDownloading 第47话               7452/1…
[1A[JDownloading 第47话               7453/1…
[1A[JDownloading 第47话               7453/1…
[1A[JDownloading 第47话               7453/1…
[1A[JDownloading 第47话               7454/1…
[1A[JDownloading 第47话               7456/1…
[1A[JDownloading 第47话               7456/1…
[1A[JDownloading 第47话               7456/1…
[1A[JDownloading 第47话               7461/1…
[1A[JDownloading 第47话               7462/1…
[1A[JDownloading 第47话               7466/1…
[1A[JDownloading 第47话               7466/1…
[1A[JDownloading 第47话               7466/1…
[1A[JDownloading 第47话               7467/1…
[1A[JDownloading 第47话               7470/1…
[1A[JDownloading 第47话               7473/1…
[1A[JDownloading 第47话               7474/1…
[1A[JDownloading 第47话               7474/1…
[1A[JDownloading 第47话               7475/1…
[1A[JDownloading 第47话               7478/1…
[1A[JDownloading 第47话               7481/1…
[1A[JDownloading 第47话               7483/1…
[1A[JDownloading 第47话               7483/1…
[1A[JDownloading 第47话               7483/1…
[1A[JDownloading 第47话               7555/1…
[1A[JDownloading 第47话               7555/1…
[1A[JDownloading 第47话               7556/1…
[1A[JDownloading 第47话               7556/1…
[1A[JDownloading 第47话               7556/1…
[1A[JDownloading 第47话               7557/1…
[1A[JDownloading 第47话               7558/1…
[1A[JDownloading 第47话               7562/1…
[1A[JDownloading 第47话               7562/1…
[1A[JDownloading 第47话               7563/1…
[1A[JDownloading 第47话               7568/1…
[1A[JDownloading 第47话               7569/1…
[1A[JDownloading 第47话               7569/1…
[1A[JDownloading 第47话               7570/1…
[1A[JDownloading 第47话               7571/1…
[1A[JDownloading 第47话               7571/1…
[1A[JDownloading 第47话               7572/1…
[1A[JDownloading 第47话               7572/1…
[1A[JDownloading 第47话               7574/1…
[1A[JDownloading 第47话               7575/1…
[1A[JDownloading 第47话               7575/1…
[1A[JDownloading 第47话               7576/1…
[1A[JDownloading 第48话               7576/1…
[1A[JDownloading 第48话               7576/1…
[1A[JDownloading 第48话               7576/1…
[1A[JDownloading 第48话               7580/1…
[1A[JDownloading 第48话               7583/1…
[1A[JDownloading 第48话               7584/1…
[1A[JDownloading 第48话               7585/1…
[1A[JDownloading 第48话               7585/1…
[1A[JDownloading 第48话               7587/1…
[1A[JDownloading 第48话               7587/1…
[1A[JDownloading 第48话               7588/1…
[1A[JDownloading 第48话               7588/1…
[1A[JDownloading 第48话               7591/1…
[1A[JDownloading 第48话               7592/1…
[1A[JDownloading 第48话               7593/1…
[1A[JDownloading 第48话               7595/1…
[1A[JDownloading 第48话               7595/1…
[1A[JDownloading 第48话               7599/1…
[1A[JDownloading 第48话               7601/1…
[1A[JDownloading 第48话               7602/1…
[1A[JDownloading 第48话               7667/1…
[1A[JDownloading 第48话               7668/1…
[1A[JDownloading 第48话               7671/1…
[1A[JDownloading 第48话               7673/1…
[1A[JDownloading 第48话               7674/1…
[1A[JDownloading 第48话               7675/1…
[1A[JDownloading 第48话               7678/1…
[1A[JDownloading 第48话               7680/1…
[1A[JDownloading 第48话               7682/1…
[1A[JDownloading 第48话               7761/1…
[1A[JDownloading 第48话               7763/1…
[1A[JDownloading 第48话               7765/1…
[1A[JDownloading 第48话               7767/1…
[1A[JDownloading 第48话               7769/1…
[1A[JDownloading 第48话               7770/1…
[1A[JDownloading 第48话               7841/1…
[1A[JDownloading 第48话               7841/1…
[1A[JDownloading 第48话               7841/1…
[1A[JDownloading 第48话               7842/1…
[1A[JDownloading 第48话               7843/1…
[1A[JDownloading 第48话               7846/1…
[1A[JDownloading 第48话               7846/1…
[1A[JDownloading 第48话               7846/1…
[1A[JDownloading 第49话               7846/1…
[1A[JDownloading 第49话               7846/1…
[1A[JDownloading 第49话               7846/1…
[1A[JDownloading 第49话               7847/1…
[1A[JDownloading 第49话               7848/1…
[1A[JDownloading 第49话               7849/1…
[1A[JDownloading 第49话               7852/1…
[1A[JDownloading 第49话               7852/1…
[1A[JDownloading 第49话               7853/1…
[1A[JDownloading 第50话               7854/1…
[1A[JDownloading 第50话               7855/1…
[1A[JDownloading 第50话               7857/1…
[1A[JDownloading 第50话               7858/1…
[1A[JDownloading 第50话               7859/1…
[1A[JDownloading 第51话               7862/1…
[1A[JDownloading 第51话               7865/1…
[1A[JDownloading 第51话               7866/1…
[1A[JDownloading 第51话               7867/1…
[1A[JDownloading 第51话               7870/1…
[1A[JDownloading 第51话               7871/1…
[1A[JDownloading 第51话               7871/1…
[1A[JDownloading 第51话               7872/1…
[1A[JDownloading 第51话               7875/1…
[1A[JDownloading 第51话               7878/1…
[1A[JDownloading 第51话               7882/1…
[1A[JDownloading 第51话               7884/1…
[1A[JDownloading 第51话               7886/1…
[1A[JDownloading 第51话               7888/1…
[1A[JDownloading 第51话               7890/1…
[1A[JDownloading 第51话               7891/1…
[1A[JDownloading 第51话               7894/1…
[1A[JDownloading 第51话               7896/1…
[1A[JDownloading 第51话               7901/1…
[1A[JDownloading 第51话               7904/1…
[1A[JDownloading 第51话               7907/1…
[1A[JDownloading 第51话               7912/1…
[1A[JDownloading 第51话               7914/1…
[1A[JDownloading 第51话               7917/1…
[1A[JDownloading 第51话               7921/1…
[1A[JDownloading 第51话               7923/1…
[1A[JDownloading 第51话               7924/1…
[1A[JDownloading 第51话               7925/1…
[1A[JDownloading 第51话               7926/1…
[1A[JDownloading 第51话               7929/1…
[1A[JDownloading 第51话               7932/1…
[1A[JDownloading 第51话               7933/1…
[1A[JDownloading 第51话               7939/1…
[1A[JDownloading 第51话               7940/1…
[1A[JDownloading 第51话               7941/1…
[1A[JDownloading 第51话               7945/1…
[1A[JDownloading 第51话               7948/1…
[1A[JDownloading 第51话               7949/1…
[1A[JDownloading 第51话               7951/1…
[1A[JDownloading 第51话               7951/1…
[1A[JDownloading 第51话               7954/1…
[1A[JDownloading 第51话               7957/1…
[1A[JDownloading 第51话               7958/1…
[1A[JDownloading 第51话               7961/1…
[1A[JDownloading 第51话               7961/1…
[1A[JDownloading 第51话               7961/1…
[1A[JDownloading 第51话               8033/1…
[1A[JDownloading 第51话               8036/1…
[1A[JDownloading 第51话               8037/1…
[1A[JDownloading 第51话               8042/1…
[1A[JDownloading 第51话               8046/1…
[1A[JDownloading 第51话               8053/1…
[1A[JDownloading 第51话               8054/1…
[1A[JDownloading 第51话               8056/1…
[1A[JDownloading 第51话               8057/1…
[1A[JDownloading 第51话               8059/1…
[1A[JDownloading 第51话               8059/1…
[1A[JDownloading 第51话               8059/1…
[1A[JDownloading 第51话               8059/1…
[1A[JDownloading 第51话               8062/1…
[1A[JDownloading 第51话               8066/1…
[1A[JDownloading 第51话               8067/1…
[1A[JDownloading 第51话               8067/1…
[1A[JDownloading 第51话               8072/1…
[1A[JDownloading 第51话               8072/1…
[1A[JDownloading 第51话               8075/1…
[1A[JDownloading 第51话               8077/1…
[1A[JDownloading 第51话               8081/1…
[1A[JDownloading 第51话               8083/1…
[1A[JDownloading 第52话               8156/1…
[1A[JDownloading 第52话               8157/1…
[1A[JDownloading 第52话               8158/1…
[1A[JDownloading 第52话               8161/1…
[1A[JDownloading 第52话               8162/1…
[1A[JDownloading 第52话               8164/1…
[1A[JDownloading 第52话               8165/1…
[1A[JDownloading 第52话               8167/1…
[1A[JDownloading 第52话               8169/1…
[1A[JDownloading 第52话               8171/1…
[1A[JDownloading 第52话               8171/1…
[1A[JDownloading 第52话               8174/1…
[1A[JDownloading 第52话               8176/1…
[1A[JDownloading 第52话               8179/1…
[1A[JDownloading 第52话               8182/1…
[1A[JDownloading 第52话               8182/1…
[1A[JDownloading 第52话               8184/1…
[1A[JDownloading 第52话               8188/1…
[1A[JDownloading 第52话               8190/1…
[1A[JDownloading 第52话               8195/1…
[1A[JDownloading 第52话               8198/1…
[1A[JDownloading 第52话               8200/1…
[1A[JDownloading 第52话               8202/1…
[1A[JDownloading 第53话               8205/1…
[1A[JDownloading 第53话               8205/1…
[1A[JDownloading 第53话               8209/1…
[1A[JDownloading 第53话               8212/1…
[1A[JDownloading 第53话               8214/1…
[1A[JDownloading 第53话               8215/1…
[1A[JDownloading 第53话               8216/1…
[1A[JDownloading 第53话               8221/1…
[1A[JDownloading 第53话               8222/1…
[1A[JDownloading 第53话               8227/1…
[1A[JDownloading 第53话               8229/1…
[1A[JDownloading 第53话               8234/1…
[1A[JDownloading 第53话               8237/1…
[1A[JDownloading 第53话               8240/1…
[1A[JDownloading 第53话               8242/1…
[1A[JDownloading 第53话               8245/1…
[1A[JDownloading 第53话               8249/1…
[1A[JDownloading 第53话               8249/1…
[1A[JDownloading 第53话               8251/1…
[1A[JDownloading 第53话               8254/1…
[1A[JDownloading 第53话               8258/1…
[1A[JDownloading 第53话               8262/1…
[1A[JDownloading 第53话               8266/1…
[1A[JDownloading 第53话               8266/1…
[1A[JDownloading 第53话               8271/1…
[1A[JDownloading 第53话               8275/1…
[1A[JDownloading 第53话               8347/1…
[1A[JDownloading 第53话               8349/1…
[1A[JDownloading 第53话               8350/1…
[1A[JDownloading 第53话               8352/1…
[1A[JDownloading 第53话               8352/1…
[1A[JDownloading 第53话               8355/1…
[1A[JDownloading 第53话               8359/1…
[1A[JDownloading 第53话               8360/1…
[1A[JDownloading 第53话               8364/1…
[1A[JDownloading 第53话               8368/1…
[1A[JDownloading 第53话               8371/1…
[1A[JDownloading 第53话               8375/1…
[1A[JDownloading 第53话               8377/1…
[1A[JDownloading 第53话               8379/1…
[1A[JDownloading 第53话               8382/1…
[1A[JDownloading 第53话               8384/1…
[1A[JDownloading 第53话               8458/1…
[1A[JDownloading 第53话               8459/1…
[1A[JDownloading 第53话               8461/1…
[1A[JDownloading 第53话               8463/1…
[1A[JDownloading 第53话               8464/1…
[1A[JDownloading 第53话               8464/1…
[1A[JDownloading 第54话               8465/1…
[1A[JDownloading 第54话               8467/1…
[1A[JDownloading 第54话               8468/1…
[1A[JDownloading 第54话               8470/1…
[1A[JDownloading 第54话               8471/1…
[1A[JDownloading 第54话               8472/1…
[1A[JDownloading 第54话               8473/1…
[1A[JDownloading 第54话               8479/1…
[1A[JDownloading 第54话               8481/1…
[1A[JDownloading 第54话               8482/1…
[1A[JDownloading 第54话               8485/1…
[1A[JDownloading 第54话               8485/1…
[1A[JDownloading 第54话               8487/1…
[1A[JDownloading 第54话               8489/1…
[1A[JDownloading 第54话               8489/1…
[1A[JDownloading 第54话               8491/1…
[1A[JDownloading 第55话               8494/1…
[1A[JDownloading 第55话               8496/1…
[1A[JDownloading 第55话               8567/1…
[1A[JDownloading 第55话               8568/1…
[1A[JDownloading 第55话               8571/1…
[1A[JDownloading 第55话               8574/1…
[1A[JDownloading 第55话               8575/1…
[1A[JDownloading 第55话               8576/1…
[1A[JDownloading 第55话               8578/1…
[1A[JDownloading 第55话               8579/1…
[1A[JDownloading 第55话               8579/1…
[1A[JDownloading 第55话               8588/1…
[1A[JDownloading 第55话               8591/1…
[1A[JDownloading 第55话               8593/1…
[1A[JDownloading 第55话               8594/1…
[1A[JDownloading 第55话               8595/1…
[1A[JDownloading 第55话               8598/1…
[1A[JDownloading 第55话               8603/1…
[1A[JDownloading 第55话               8605/1…
[1A[JDownloading 第55话               8607/1…
[1A[JDownloading 第55话               8609/1…
[1A[JDownloading 第55话               8611/1…
[1A[JDownloading 第55话               8613/1…
[1A[JDownloading 第55话               8614/1…
[1A[JDownloading 第55话               8617/1…
[1A[JDownloading 第56话               8621/1…
[1A[JDownloading 第56话               8628/1…
[1A[JDownloading 第56话               8628/1…
[1A[JDownloading 第56话               8628/1…
[1A[JDownloading 第56话               8631/1…
[1A[JDownloading 第56话               8635/1…
[1A[JDownloading 第56话               8638/1…
[1A[JDownloading 第56话               8642/1…
[1A[JDownloading 第56话               8644/1…
[1A[JDownloading 第56话               8645/1…
[1A[JDownloading 第56话               8646/1…
[1A[JDownloading 第56话               8649/1…
[1A[JDownloading 第56话               8653/1…
[1A[JDownloading 第56话               8655/1…
[1A[JDownloading 第56话               8658/1…
[1A[JDownloading 第56话               8661/1…
[1A[JDownloading 第56话               8668/1…
[1A[JDownloading 第56话               8668/1…
[1A[JDownloading 第56话               8669/1…
[1A[JDownloading 第56话               8671/1…
[1A[JDownloading 第56话               8671/1…
[1A[JDownloading 第56话               8672/1…
[1A[JDownloading 第56话               8749/1…
[1A[JDownloading 第56话               8749/1…
[1A[JDownloading 第56话               8751/1…
[1A[JDownloading 第56话               8751/1…
[1A[JDownloading 第56话               8754/1…
[1A[JDownloading 第56话               8757/1…
[1A[JDownloading 第56话               8761/1…
[1A[JDownloading 第56话               8766/1…
[1A[JDownloading 第56话               8768/1…
[1A[JDownloading 第56话               8769/1…
[1A[JDownloading 第56话               8772/1…
[1A[JDownloading 第56话               8774/1…
[1A[JDownloading 第56话               8777/1…
[1A[JDownloading 第56话               8781/1…
[1A[JDownloading 第56话               8785/1…
[1A[JDownloading 第56话               8786/1…
[1A[JDownloading 第56话               8787/1…
[1A[JDownloading 第56话               8789/1…
[1A[JDownloading 第56话               8792/1…
[1A[JDownloading 第56话               8794/1…
[1A[JDownloading 第56话               8795/1…
[1A[JDownloading 第56话               8798/1…
[1A[JDownloading 第57话               8801/1…
[1A[JDownloading 第57话               8806/1…
[1A[JDownloading 第57话               8808/1…
[1A[JDownloading 第57话               8891/1…
[1A[JDownloading 第57话               8894/1…
[1A[JDownloading 第57话               8897/1…
[1A[JDownloading 第57话               8898/1…
[1A[JDownloading 第57话               8900/1…
[1A[JDownloading 第57话               8901/1…
[1A[JDownloading 第57话               8903/1…
[1A[JDownloading 第57话               8903/1…
[1A[JDownloading 第57话               8903/1…
[1A[JDownloading 第57话               8905/1…
[1A[JDownloading 第57话               8906/1…
[1A[JDownloading 第57话               8908/1…
[1A[JDownloading 第57话               8908/1…
[1A[JDownloading 第57话               8909/1…
[1A[JDownloading 第57话               8912/1…
[1A[JDownloading 第57话               8912/1…
[1A[JDownloading 第57话               8915/1…
[1A[JDownloading 第57话               8923/1…
[1A[JDownloading 第57话               8925/1…
[1A[JDownloading 第57话               8927/1…
[1A[JDownloading 第57话               8927/1…
[1A[JDownloading 第57话               8932/1…
[1A[JDownloading 第57话               8933/1…
[1A[JDownloading 第58话               8935/1…
[1A[JDownloading 第58话               8940/1…
[1A[JDownloading 第58话               8943/1…
[1A[JDownloading 第58话               8943/1…
[1A[JDownloading 第58话               8944/1…
[1A[JDownloading 第58话               8946/1…
[1A[JDownloading 第58话               8947/1…
[1A[JDownloading 第58话               8949/1…
[1A[JDownloading 第58话               8952/1…
[1A[JDownloading 第58话               8953/1…
[1A[JDownloading 第58话               8954/1…
[1A[JDownloading 第58话               8956/1…
[1A[JDownloading 第58话               8963/1…
[1A[JDownloading 第58话               8966/1…
[1A[JDownloading 第58话               8972/1…
[1A[JDownloading 第58话               8975/1…
[1A[JDownloading 第58话               8976/1…
[1A[JDownloading 第58话               8977/1…
[1A[JDownloading 第58话               8979/1…
[1A[JDownloading 第58话               8982/1…
[1A[JDownloading 第58话               8986/1…
[1A[JDownloading 第58话               8990/1…
[1A[JDownloading 第58话               8990/1…
[1A[JDownloading 第58话               8991/1…
[1A[JDownloading 第58话               8994/1…
[1A[JDownloading 第58话               8997/1…
[1A[JDownloading 第58话               9001/1…
[1A[JDownloading 第58话               9003/1…
[1A[JDownloading 第58话               9006/1…
[1A[JDownloading 第58话               9010/1…
[1A[JDownloading 第58话               9011/1…
[1A[JDownloading 第58话               9012/1…
[1A[JDownloading 第58话               9013/1…
[1A[JDownloading 第58话               9019/1…
[1A[JDownloading 第58话               9022/1…
[1A[JDownloading 第58话               9022/1…
[1A[JDownloading 第58话               9025/1…
[1A[JDownloading 第58话               9026/1…
[1A[JDownloading 第58话               9026/1…
[1A[JDownloading 第58话               9030/1…
[1A[JDownloading 第58话               9031/1…
[1A[JDownloading 第58话               9105/1…
[1A[JDownloading 第58话               9105/1…
[1A[JDownloading 第58话               9110/1…
[1A[JDownloading 第58话               9112/1…
[1A[JDownloading 第58话               9112/1…
[1A[JDownloading 第58话               9115/1…
[1A[JDownloading 第58话               9118/1…
[1A[JDownloading 第58话               9120/1…
[1A[JDownloading 第58话               9122/1…
[1A[JDownloading 第58话               9122/1…
[1A[JDownloading 第58话               9122/1…
[1A[JDownloading 第58话               9122/1…
[1A[JDownloading 第58话               9123/1…
[1A[JDownloading 第58话               9125/1…
[1A[JDownloading 第58话               9125/1…
[1A[JDownloading 第58话               9131/1…
[1A[JDownloading 第58话               9132/1…
[1A[JDownloading 第58话               9134/1…
[1A[JDownloading 第58话               9136/1…
[1A[JDownloading 第58话               9136/1…
[1A[JDownloading 第58话               9137/1…
[1A[JDownloading 第58话               9137/1…
[1A[JDownloading 第59话               9138/1…
[1A[JDownloading 第59话               9139/1…
[1A[JDownloading 第59话               9139/1…
[1A[JDownloading 第59话               9140/1…
[1A[JDownloading 第59话               9142/1…
[1A[JDownloading 第59话               9142/1…
[1A[JDownloading 第59话               9143/1…
[1A[JDownloading 第59话               9143/1…
[1A[JDownloading 第59话               9144/1…
[1A[JDownloading 第59话               9221/1…
[1A[JDownloading 第59话               9223/1…
[1A[JDownloading 第59话               9224/1…
[1A[JDownloading 第59话               9224/1…
[1A[JDownloading 第59话               9226/1…
[1A[JDownloading 第59话               9228/1…
[1A[JDownloading 第59话               9229/1…
[1A[JDownloading 第59话               9230/1…
[1A[JDownloading 第59话               9233/1…
[1A[JDownloading 第59话               9234/1…
[1A[JDownloading 第59话               9237/1…
[1A[JDownloading 第59话               9238/1…
[1A[JDownloading 第59话               9239/1…
[1A[JDownloading 第59话               9239/1…
[1A[JDownloading 第59话               9239/1…
[1A[JDownloading 第59话               9244/1…
[1A[JDownloading 第59话               9245/1…
[1A[JDownloading 第59话               9245/1…
[1A[JDownloading 第59话               9247/1…
[1A[JDownloading 第59话               9247/1…
[1A[JDownloading 第59话               9248/1…
[1A[JDownloading 第59话               9250/1…
[1A[JDownloading 第59话               9253/1…
[1A[JDownloading 第60话               9254/1…
[1A[JDownloading 第60话               9254/1…
[1A[JDownloading 第60话               9254/1…
[1A[JDownloading 第60话               9254/1…
[1A[JDownloading 第60话               9255/1…
[1A[JDownloading 第60话               9257/1…
[1A[JDownloading 第60话               9258/1…
[1A[JDownloading 第60话               9262/1…
[1A[JDownloading 第60话               9263/1…
[1A[JDownloading 第60话               9264/1…
[1A[JDownloading 第60话               9264/1…
[1A[JDownloading 第60话               9264/1…
[1A[JDownloading 第60话               9267/1…
[1A[JDownloading 第60话               9268/1…
[1A[JDownloading 第60话               9275/1…
[1A[JDownloading 第60话               9283/1…
[1A[JDownloading 第60话               9285/1…
[1A[JDownloading 第60话               9286/1…
[1A[JDownloading 第60话               9289/1…
[1A[JDownloading 第60话               9291/1…
[1A[JDownloading 第60话               9293/1…
[1A[JDownloading 第60话               9360/1…
[1A[JDownloading 第60话               9361/1…
[1A[JDownloading 第60话               9361/1…
[1A[JDownloading 第60话               9363/1…
[1A[JDownloading 第60话               9447/1…
[1A[JDownloading 第60话               9447/1…
[1A[JDownloading 第60话               9447/1…
[1A[JDownloading 第60话               9450/1…
[1A[JDownloading 第60话               9451/1…
[1A[JDownloading 第60话               9453/1…
[1A[JDownloading 第60话               9453/1…
[1A[JDownloading 第60话               9453/1…
[1A[JDownloading 第60话               9453/1…
[1A[JDownloading 第60话               9455/1…
[1A[JDownloading 第60话               9456/1…
[1A[JDownloading 第60话               9459/1…
[1A[JDownloading 第60话               9462/1…
[1A[JDownloading 第60话               9463/1…
[1A[JDownloading 第60话               9467/1…
[1A[JDownloading 第60话               9470/1…
[1A[JDownloading 第60话               9472/1…
[1A[JDownloading 第60话               9474/1…
[1A[JDownloading 第61话               9475/1…
[1A[JDownloading 第61话               9475/1…
[1A[JDownloading 第61话               9476/1…
[1A[JDownloading 第61话               9478/1…
[1A[JDownloading 第61话               9479/1…
[1A[JDownloading 第62话               9479/1…
[1A[JDownloading 第62话               9482/1…
[1A[JDownloading 第62话               9484/1…
[1A[JDownloading 第62话               9485/1…
[1A[JDownloading 第62话               9487/1…
[1A[JDownloading 第62话               9489/1…
[1A[JDownloading 第62话               9491/1…
[1A[JDownloading 第62话               9497/1…
[1A[JDownloading 第62话               9500/1…
[1A[JDownloading 第62话               9503/1…
[1A[JDownloading 第62话               9507/1…
[1A[JDownloading 第62话               9510/1…
[1A[JDownloading 第62话               9513/1…
[1A[JDownloading 第62话               9515/1…
[1A[JDownloading 第62话               9518/1…
[1A[JDownloading 第62话               9519/1…
[1A[JDownloading 第62话               9522/1…
[1A[JDownloading 第62话               9527/1…
[1A[JDownloading 第62话               9529/1…
[1A[JDownloading 第62话               9533/1…
[1A[JDownloading 第62话               9538/1…
[1A[JDownloading 第62话               9538/1…
[1A[JDownloading 第62话               9539/1…
[1A[JDownloading 第62话               9541/1…
[1A[JDownloading 第62话               9544/1…
[1A[JDownloading 第62话               9544/1…
[1A[JDownloading 第62话               9549/1…
[1A[JDownloading 第62话               9552/1…
[1A[JDownloading 第62话               9556/1…
[1A[JDownloading 第62话               9559/1…
[1A[JDownloading 第62话               9562/1…
[1A[JDownloading 第62话               9565/1…
[1A[JDownloading 第62话               9567/1…
[1A[JDownloading 第62话               9570/1…
[1A[JDownloading 第62话               9571/1…
[1A[JDownloading 第62话               9575/1…
[1A[JDownloading 第62话               9577/1…
[1A[JDownloading 第62话               9581/1…
[1A[JDownloading 第62话               9582/1…
[1A[JDownloading 第62话               9583/1…
[1A[JDownloading 第62话               9588/1…
[1A[JDownloading 第62话               9589/1…
[1A[JDownloading 第62话               9592/1…
[1A[JDownloading 第62话               9595/1…
[1A[JDownloading 第62话               9598/1…
[1A[JDownloading 第62话               9600/1…
[1A[JDownloading 第62话               9601/1…
[1A[JDownloading 第62话               9604/1…
[1A[JDownloading 第62话               9607/1…
[1A[JDownloading 第62话               9608/1…
[1A[JDownloading 第62话               9610/1…
[1A[JDownloading 第62话               9610/1…
[1A[JDownloading 第62话               9686/1…
[1A[JDownloading 第62话               9691/1…
[1A[JDownloading 第62话               9692/1…
[1A[JDownloading 第62话               9693/1…
[1A[JDownloading 第62话               9694/1…
[1A[JDownloading 第62话               9699/1…
[1A[JDownloading 第62话               9701/1…
[1A[JDownloading 第62话               9703/1…
[1A[JDownloading 第62话               9704/1…
[1A[JDownloading 第62话               9706/1…
[1A[JDownloading 第62话               9708/1…
[1A[JDownloading 第62话               9710/1…
[1A[JDownloading 第62话               9711/1…
[1A[JDownloading 第62话               9715/1…
[1A[JDownloading 第62话               9716/1…
[1A[JDownloading 第62话               9719/1…
[1A[JDownloading 第62话               9719/1…
[1A[JDownloading 第62话               9721/1…
[1A[JDownloading 第62话               9724/1…
[1A[JDownloading 第62话               9725/1…
[1A[JDownloading 第62话               9727/1…
[1A[JDownloading 第62话               9731/1…
[1A[JDownloading 第62话               9733/1…
[1A[JDownloading 第62话               9734/1…
[1A[JDownloading 第63话               9734/1…
[1A[JDownloading 第63话               9737/1…
[1A[JDownloading 第63话               9738/1…
[1A[JDownloading 第63话               9739/1…
[1A[JDownloading 第63话               9743/1…
[1A[JDownloading 第63话               9745/1…
[1A[JDownloading 第63话               9746/1…
[1A[JDownloading 第63话               9747/1…
[1A[JDownloading 第63话               9747/1…
[1A[JDownloading 第63话               9747/1…
[1A[JDownloading 第63话               9749/1…
[1A[JDownloading 第63话               9752/1…
[1A[JDownloading 第63话               9754/1…
[1A[JDownloading 第63话               9754/1…
[1A[JDownloading 第63话               9755/1…
[1A[JDownloading 第63话               9757/1…
[1A[JDownloading 第63话               9759/1…
[1A[JDownloading 第63话               9764/1…
[1A[JDownloading 第63话               9766/1…
[1A[JDownloading 第63话               9768/1…
[1A[JDownloading 第63话               9769/1…
[1A[JDownloading 第63话               9770/1…
[1A[JDownloading 第63话               9772/1…
[1A[JDownloading 第63话               9773/1…
[1A[JDownloading 第63话               9775/1…
[1A[JDownloading 第63话               9777/1…
[1A[JDownloading 第63话               9778/1…
[1A[JDownloading 第63话               9778/1…
[1A[JDownloading 第63话               9779/1…
[1A[JDownloading 第63话               9780/1…
[1A[JDownloading 第63话               9781/1…
[1A[JDownloading 第63话               9781/1…
[1A[JDownloading 第63话               9787/1…
[1A[JDownloading 第63话               9790/1…
[1A[JDownloading 第63话               9791/1…
[1A[JDownloading 第63话               9792/1…
[1A[JDownloading 第63话               9792/1…
[1A[JDownloading 第63话               9794/1…
[1A[JDownloading 第63话               9795/1…
[1A[JDownloading 第63话               9795/1…
[1A[JDownloading 第63话               9797/1…
[1A[JDownloading 第63话               9801/1…
[1A[JDownloading 第63话               9803/1…
[1A[JDownloading 第63话               9805/1…
[1A[JDownloading 第63话               9805/1…
[1A[JDownloading 第63话               9808/1…
[1A[JDownloading 第63话               9810/1…
[1A[JDownloading 第63话               9811/1…
[1A[JDownloading 第63话               9813/1…
[1A[JDownloading 第63话               9814/1…
[1A[JDownloading 第63话               9816/1…
[1A[JDownloading 第63话               9818/1…
[1A[JDownloading 第63话               9819/1…
[1A[JDownloading 第63话               9820/1…
[1A[JDownloading 第63话               9822/1…
[1A[JDownloading 第63话               9822/1…
[1A[JDownloading 第63话               9823/1…
[1A[JDownloading 第63话               9824/1…
[1A[JDownloading 第63话               9824/1…
[1A[JDownloading 第63话               9825/1…
[1A[JDownloading 第63话               9828/1…
[1A[JDownloading 第63话               9830/1…
[1A[JDownloading 第63话               9836/1…
[1A[JDownloading 第63话               9839/1…
[1A[JDownloading 第63话               9841/1…
[1A[JDownloading 第63话               9841/1…
[1A[JDownloading 第63话               9841/1…
[1A[JDownloading 第63话               9841/1…
[1A[JDownloading 第63话               9841/1…
[1A[JDownloading 第63话               9842/1…
[1A[JDownloading 第63话               9842/1…
[1A[JDownloading 第63话               9843/1…
[1A[JDownloading 第63话               9845/1…
[1A[JDownloading 第63话               9847/1…
[1A[JDownloading 第63话               9848/1…
[1A[JDownloading 第63话               9851/1…
[1A[JDownloading 第63话               9854/1…
[1A[JDownloading 第63话               9855/1…
[1A[JDownloading 第63话               9857/1…
[1A[JDownloading 第63话               9858/1…
[1A[JDownloading 第63话               9859/1…
[1A[JDownloading 第63话               9945/1…
[1A[JDownloading 第63话               9945/1…
[1A[JDownloading 第63话               9946/1…
[1A[JDownloading 第63话               10031/…
[1A[JDownloading 第63话               10032/…
[1A[JDownloading 第63话               10032/…
[1A[JDownloading 第63话               10106/…
[1A[JDownloading 第63话               10106/…
[1A[JDownloading 第63话               10109/…
[1A[JDownloading 第63话               10109/…
[1A[JDownloading 第63话               10109/…
[1A[JDownloading 第63话               10109/…
[1A[JDownloading 第63话               10109/…
[1A[JDownloading 第63话               10111/…
[1A[JDownloading 第63话               10112/…
[1A[JDownloading 第63话               10112/…
[1A[JDownloading 第63话               10113/…
[1A[JDownloading 第63话               10114/…
[1A[JDownloading 第63话               10115/…
[1A[JDownloading 第63话               10115/…
[1A[JDownloading 第63话               10116/…
[1A[JDownloading 第63话               10116/…
[1A[JDownloading 第64话               10116/…
[1A[JDownloading 第64话               10116/…
[1A[JDownloading 第64话               10117/…
[1A[JDownloading 第64话               10117/…
[1A[JDownloading 第65话               10119/…
[1A[JDownloading 第65话               10119/…
[1A[JDownloading 第66话               10122/…
[1A[JDownloading 第66话               10202/…
[1A[JDownloading 第66话               10204/…
[1A[JDownloading 第66话               10204/…
[1A[JDownloading 第66话               10206/…
[1A[JDownloading 第66话               10208/…
[1A[JDownloading 第66话               10208/…
[1A[JDownloading 第66话               10209/…
[1A[JDownloading 第66话               10209/…
[1A[JDownloading 第66话               10209/…
[1A[JDownloading 第66话               10211/…
[1A[JDownloading 第66话               10215/…
[1A[JDownloading 第66话               10217/…
[1A[JDownloading 第66话               10219/…
[1A[JDownloading 第66话               10222/…
[1A[JDownloading 第66话               10228/…
[1A[JDownloading 第66话               10232/…
[1A[JDownloading 第66话               10238/…
[1A[JDownloading 第66话               10240/…
[1A[JDownloading 第66话               10242/…
[1A[JDownloading 第66话               10244/…
[1A[JDownloading 第66话               10245/…
[1A[JDownloading 第66话               10247/…
[1A[JDownloading 第67话               10248/…
[1A[JDownloading 第67话               10249/…
[1A[JDownloading 第67话               10249/…
[1A[JDownloading 第67话               10250/…
[1A[JDownloading 第67话               10253/…
[1A[JDownloading 第67话               10255/…
[1A[JDownloading 第67话               10256/…
[1A[JDownloading 第67话               10257/…
[1A[JDownloading 第67话               10261/…
[1A[JDownloading 第67话               10263/…
[1A[JDownloading 第67话               10264/…
[1A[JDownloading 第67话               10267/…
[1A[JDownloading 第67话               10269/…
[1A[JDownloading 第67话               10272/…
[1A[JDownloading 第67话               10276/…
[1A[JDownloading 第67话               10351/…
[1A[JDownloading 第67话               10353/…
[1A[JDownloading 第67话               10353/…
[1A[JDownloading 第67话               10353/…
[1A[JDownloading 第67话               10359/…
[1A[JDownloading 第67话               10360/…
[1A[JDownloading 第67话               10363/…
[1A[JDownloading 第67话               10367/…
[1A[JDownloading 第67话               10371/…
[1A[JDownloading 第67话               10373/…
[1A[JDownloading 第67话               10376/…
[1A[JDownloading 第67话               10376/…
[1A[JDownloading 第67话               10378/…
[1A[JDownloading 第67话               10381/…
[1A[JDownloading 第67话               10383/…
[1A[JDownloading 第67话               10384/…
[1A[JDownloading 第67话               10386/…
[1A[JDownloading 第67话               10390/…
[1A[JDownloading 第67话               10393/…
[1A[JDownloading 第67话               10394/…
[1A[JDownloading 第67话               10396/…
[1A[JDownloading 第67话               10398/…
[1A[JDownloading 第67话               10401/…
[1A[JDownloading 第68话               10406/…
[1A[JDownloading 第68话               10408/…
[1A[JDownloading 第68话               10410/…
[1A[JDownloading 第68话               10412/…
[1A[JDownloading 第68话               10414/…
[1A[JDownloading 第68话               10418/…
[1A[JDownloading 第68话               10419/…
[1A[JDownloading 第68话               10421/…
[1A[JDownloading 第68话               10425/…
[1A[JDownloading 第68话               10427/…
[1A[JDownloading 第68话               10428/…
[1A[JDownloading 第68话               10430/…
[1A[JDownloading 第68话               10437/…
[1A[JDownloading 第68话               10440/…
[1A[JDownloading 第68话               10444/…
[1A[JDownloading 第68话               10450/…
[1A[JDownloading 第68话               10452/…
[1A[JDownloading 第68话               10452/…
[1A[JDownloading 第68话               10454/…
[1A[JDownloading 第68话               10458/…
[1A[JDownloading 第68话               10463/…
[1A[JDownloading 第68话               10467/…
[1A[JDownloading 第68话               10467/…
[1A[JDownloading 第68话               10467/…
[1A[JDownloading 第68话               10470/…
[1A[JDownloading 第68话               10471/…
[1A[JDownloading 第68话               10473/…
[1A[JDownloading 第68话               10476/…
[1A[JDownloading 第68话               10480/…
[1A[JDownloading 第68话               10482/…
[1A[JDownloading 第68话               10486/…
[1A[JDownloading 第68话               10489/…
[1A[JDownloading 第68话               10492/…
[1A[JDownloading 第68话               10494/…
[1A[JDownloading 第68话               10496/…
[1A[JDownloading 第68话               10498/…
[1A[JDownloading 第68话               10502/…
[1A[JDownloading 第68话               10507/…
[1A[JDownloading 第68话               10508/…
[1A[JDownloading 第68话               10510/…
[1A[JDownloading 第68话               10511/…
[1A[JDownloading 第68话               10514/…
[1A[JDownloading 第68话               10515/…
[1A[JDownloading 第68话               10516/…
[1A[JDownloading 第68话               10517/…
[1A[JDownloading 第68话               10520/…
[1A[JDownloading 第68话               10522/…
[1A[JDownloading 第68话               10526/…
[1A[JDownloading 第68话               10531/…
[1A[JDownloading 第68话               10532/…
[1A[JDownloading 第68话               10532/…
[1A[JDownloading 第68话               10536/…
[1A[JDownloading 第68话               10538/…
[1A[JDownloading 第68话               10542/…
[1A[JDownloading 第68话               10546/…
[1A[JDownloading 第68话               10547/…
[1A[JDownloading 第68话               10554/…
[1A[JDownloading 第68话               10554/…
[1A[JDownloading 第68话               10555/…
[1A[JDownloading 第68话               10558/…
[1A[JDownloading 第68话               10558/…
[1A[JDownloading 第68话               10561/…
[1A[JDownloading 第68话               10562/…
[1A[JDownloading 第68话               10565/…
[1A[JDownloading 第68话               10567/…
[1A[JDownloading 第68话               10568/…
[1A[JDownloading 第68话               10573/…
[1A[JDownloading 第68话               10573/…
[1A[JDownloading 第68话               10577/…
[1A[JDownloading 第68话               10577/…
[1A[JDownloading 第68话               10579/…
[1A[JDownloading 第68话               10583/…
[1A[JDownloading 第68话               10584/…
[1A[JDownloading 第68话               10587/…
[1A[JDownloading 第68话               10591/…
[1A[JDownloading 第68话               10592/…
[1A[JDownloading 第68话               10595/…
[1A[JDownloading 第68话               10597/…
[1A[JDownloading 第68话               10599/…
[1A[JDownloading 第68话               10599/…
[1A[JDownloading 第68话               10601/…
[1A[JDownloading 第68话               10604/…
[1A[JDownloading 第68话               10605/…
[1A[JDownloading 第68话               10607/…
[1A[JDownloading 第68话               10610/…
[1A[JDownloading 第68话               10612/…
[1A[JDownloading 第68话               10691/…
[1A[JDownloading 第68话               10692/…
[1A[JDownloading 第68话               10692/…
[1A[JDownloading 第68话               10694/…
[1A[JDownloading 第68话               10695/…
[1A[JDownloading 第68话               10698/…
[1A[JDownloading 第68话               10699/…
[1A[JDownloading 第68话               10701/…
[1A[JDownloading 第68话               10703/…
[1A[JDownloading 第68话               10704/…
[1A[JDownloading 第68话               10705/…
[1A[JDownloading 第68话               10707/…
[1A[JDownloading 第68话               10707/…
[1A[JDownloading 第68话               10708/…
[1A[JDownloading 第68话               10709/…
[1A[JDownloading 第68话               10714/…
[1A[JDownloading 第68话               10715/…
[1A[JDownloading 第68话               10718/…
[1A[JDownloading 第68话               10721/…
[1A[JDownloading 第68话               10723/…
[1A[JDownloading 第68话               10723/…
[1A[JDownloading 第68话               10807/…
[1A[JDownloading 第68话               10808/…
[1A[JDownloading 第69话               10809/…
[1A[JDownloading 第69话               10810/…
[1A[JDownloading 第69话               10810/…
[1A[JDownloading 第69话               10811/…
[1A[JDownloading 第69话               10813/…
[1A[JDownloading 第69话               10813/…
[1A[JDownloading 第69话               10815/…
[1A[JDownloading 第69话               10815/…
[1A[JDownloading 第69话               10817/…
[1A[JDownloading 第69话               10817/…
[1A[JDownloading 第69话               10817/…
[1A[JDownloading 第69话               10819/…
[1A[JDownloading 第69话               10820/…
[1A[JDownloading 第69话               10820/…
[1A[JDownloading 第69话               10822/…
[1A[JDownloading 第69话               10823/…
[1A[JDownloading 第69话               10823/…
[1A[JDownloading 第69话               10824/…
[1A[JDownloading 第69话               10825/…
[1A[JDownloading 第69话               10827/…
[1A[JDownloading 第69话               10828/…
[1A[JDownloading 第70话               10831/…
[1A[JDownloading 第70话               10835/…
[1A[JDownloading 第70话               10836/…
[1A[JDownloading 第70话               10838/…
[1A[JDownloading 第70话               10842/…
[1A[JDownloading 第70话               10843/…
[1A[JDownloading 第70话               10926/…
[1A[JDownloading 第70话               10928/…
[1A[JDownloading 第70话               10929/…
[1A[JDownloading 第70话               10929/…
[1A[JDownloading 第70话               10929/…
[1A[JDownloading 第70话               10930/…
[1A[JDownloading 第70话               10932/…
[1A[JDownloading 第70话               10934/…
[1A[JDownloading 第70话               10934/…
[1A[JDownloading 第70话               10935/…
[1A[JDownloading 第70话               10937/…
[1A[JDownloading 第70话               10939/…
[1A[JDownloading 第70话               10941/…
[1A[JDownloading 第70话               10942/…
[1A[JDownloading 第70话               10944/…
[1A[JDownloading 第70话               10947/…
[1A[JDownloading 第70话               10948/…
[1A[JDownloading 第70话               11106/…
[1A[JDownloading 第70话               11109/…
[1A[JDownloading 第70话               11110/…
[1A[JDownloading 第70话               11110/…
[1A[JDownloading 第70话               11110/…
[1A[JDownloading 第71话               11111/…
[1A[JDownloading 第71话               11111/…
[1A[JDownloading 第71话               11112/…
[1A[JDownloading 第71话               11115/…
[1A[JDownloading 第71话               11116/…
[1A[JDownloading 第71话               11117/…
[1A[JDownloading 第71话               11117/…
[1A[JDownloading 第71话               11117/…
[1A[JDownloading 第71话               11119/…
[1A[JDownloading 第71话               11120/…
[1A[JDownloading 第71话               11121/…
[1A[JDownloading 第71话               11121/…
[1A[JDownloading 第71话               11123/…
[1A[JDownloading 第71话               11125/…
[1A[JDownloading 第71话               11126/…
[1A[JDownloading 第71话               11126/…
[1A[JDownloading 第71话               11127/…
[1A[JDownloading 第72话               11131/…
[1A[JDownloading 第73话               11132/…
[1A[JDownloading 第73话               11135/…
[1A[JDownloading 第73话               11137/…
[1A[JDownloading 第73话               11141/…
[1A[JDownloading 第73话               11142/…
[1A[JDownloading 第73话               11143/…
[1A[JDownloading 第73话               11143/…
[1A[JDownloading 第73话               11144/…
[1A[JDownloading 第73话               11146/…
[1A[JDownloading 第73话               11148/…
[1A[JDownloading 第73话               11148/…
[1A[JDownloading 第73话               11153/…
[1A[JDownloading 第73话               11155/…
[1A[JDownloading 第73话               11156/…
[1A[JDownloading 第73话               11159/…
[1A[JDownloading 第73话               11161/…
[1A[JDownloading 第73话               11164/…
[1A[JDownloading 第73话               11167/…
[1A[JDownloading 第73话               11171/…
[1A[JDownloading 第73话               11173/…
[1A[JDownloading 第73话               11180/…
[1A[JDownloading 第73话               11182/…
[1A[JDownloading 第73话               11185/…
[1A[JDownloading 第73话               11186/…
[1A[JDownloading 第73话               11186/…
[1A[JDownloading 第73话               11186/…
[1A[JDownloading 第73话               11189/…
[1A[JDownloading 第73话               11195/…
[1A[JDownloading 第73话               11199/…
[1A[JDownloading 第73话               11204/…
[1A[JDownloading 第73话               11204/…
[1A[JDownloading 第73话               11205/…
[1A[JDownloading 第73话               11209/…
[1A[JDownloading 第73话               11213/…
[1A[JDownloading 第73话               11216/…
[1A[JDownloading 第73话               11217/…
[1A[JDownloading 第73话               11221/…
[1A[JDownloading 第73话               11223/…
[1A[JDownloading 第73话               11225/…
[1A[JDownloading 第73话               11228/…
[1A[JDownloading 第73话               11231/…
[1A[JDownloading 第73话               11234/…
[1A[JDownloading 第73话               11236/…
[1A[JDownloading 第73话               11242/…
[1A[JDownloading 第73话               11242/…
[1A[JDownloading 第73话               11243/…
[1A[JDownloading 第73话               11247/…
[1A[JDownloading 第73话               11249/…
[1A[JDownloading 第73话               11249/…
[1A[JDownloading 第73话               11251/…
[1A[JDownloading 第73话               11254/…
[1A[JDownloading 第73话               11258/…
[1A[JDownloading 第73话               11261/…
[1A[JDownloading 第73话               11264/…
[1A[JDownloading 第73话               11266/…
[1A[JDownloading 第73话               11270/…
[1A[JDownloading 第73话               11276/…
[1A[JDownloading 第73话               11279/…
[1A[JDownloading 第73话               11280/…
[1A[JDownloading 第73话               11284/…
[1A[JDownloading 第73话               11286/…
[1A[JDownloading 第73话               11287/…
[1A[JDownloading 第73话               11291/…
[1A[JDownloading 第73话               11292/…
[1A[JDownloading 第73话               11295/…
[1A[JDownloading 第73话               11298/…
[1A[JDownloading 第73话               11300/…
[1A[JDownloading 第73话               11304/…
[1A[JDownloading 第73话               11304/…
[1A[JDownloading 第73话               11306/…
[1A[JDownloading 第73话               11309/…
[1A[JDownloading 第73话               11312/…
[1A[JDownloading 第73话               11314/…
[1A[JDownloading 第73话               11317/…
[1A[JDownloading 第73话               11319/…
[1A[JDownloading 第73话               11322/…
[1A[JDownloading 第73话               11326/…
[1A[JDownloading 第73话               11329/…
[1A[JDownloading 第73话               11330/…
[1A[JDownloading 第73话               11332/…
[1A[JDownloading 第73话               11336/…
[1A[JDownloading 第73话               11337/…
[1A[JDownloading 第73话               11340/…
[1A[JDownloading 第73话               11344/…
[1A[JDownloading 第73话               11349/…
[1A[JDownloading 第73话               11350/…
[1A[JDownloading 第73话               11353/…
[1A[JDownloading 第73话               11436/…
[1A[JDownloading 第73话               11436/…
[1A[JDownloading 第73话               11437/…
[1A[JDownloading 第73话               11438/…
[1A[JDownloading 第73话               11441/…
[1A[JDownloading 第73话               11442/…
[1A[JDownloading 第73话               11444/…
[1A[JDownloading 第73话               11445/…
[1A[JDownloading 第73话               11449/…
[1A[JDownloading 第73话               11450/…
[1A[JDownloading 第73话               11456/…
[1A[JDownloading 第73话               11457/…
[1A[JDownloading 第73话               11459/…
[1A[JDownloading 第73话               11462/…
[1A[JDownloading 第73话               11464/…
[1A[JDownloading 第73话               11464/…
[1A[JDownloading 第73话               11545/…
[1A[JDownloading 第73话               11548/…
[1A[JDownloading 第73话               11550/…
[1A[JDownloading 第73话               11552/…
[1A[JDownloading 第73话               11553/…
[1A[JDownloading 第73话               11557/…
[1A[JDownloading 第74话               11561/…
[1A[JDownloading 第74话               11564/…
[1A[JDownloading 第74话               11565/…
[1A[JDownloading 第74话               11567/…
[1A[JDownloading 第74话               11568/…
[1A[JDownloading 第74话               11570/…
[1A[JDownloading 第74话               11571/…
[1A[JDownloading 第74话               11571/…
[1A[JDownloading 第74话               11572/…
[1A[JDownloading 第74话               11573/…
[1A[JDownloading 第74话               11575/…
[1A[JDownloading 第74话               11577/…
[1A[JDownloading 第74话               11582/…
[1A[JDownloading 第74话               11660/…
[1A[JDownloading 第74话               11663/…
[1A[JDownloading 第74话               11663/…
[1A[JDownloading 第74话               11664/…
[1A[JDownloading 第75话               11665/…
[1A[JDownloading 第75话               11667/…
[1A[JDownloading 第75话               11668/…
[1A[JDownloading 第75话               11670/…
[1A[JDownloading 第75话               11741/…
[1A[JDownloading 第75话               11743/…
[1A[JDownloading 第75话               11744/…
[1A[JDownloading 第75话               11747/…
[1A[JDownloading 第75话               11748/…
[1A[JDownloading 第75话               11749/…
[1A[JDownloading 第75话               11751/…
[1A[JDownloading 第75话               11754/…
[1A[JDownloading 第75话               11755/…
[1A[JDownloading 第75话               11758/…
[1A[JDownloading 第75话               11759/…
[1A[JDownloading 第75话               11763/…
[1A[JDownloading 第75话               11764/…
[1A[JDownloading 第75话               11766/…
[1A[JDownloading 第76话               11768/…
[1A[JDownloading 第76话               11768/…
[1A[JDownloading 第76话               11770/…
[1A[JDownloading 第76话               11770/…
[1A[JDownloading 第76话               11771/…
[1A[JDownloading 第76话               11772/…
[1A[JDownloading 第76话               11774/…
[1A[JDownloading 第76话               11776/…
[1A[JDownloading 第77话               11780/…
[1A[JDownloading 第77话               11782/…
[1A[JDownloading 第77话               11784/…
[1A[JDownloading 第77话               11785/…
[1A[JDownloading 第77话               11789/…
[1A[JDownloading 第77话               11863/…
[1A[JDownloading 第77话               11867/…
[1A[JDownloading 第77话               11869/…
[1A[JDownloading 第77话               11871/…
[1A[JDownloading 第77话               11873/…
[1A[JDownloading 第77话               11875/…
[1A[JDownloading 第77话               11876/…
[1A[JDownloading 第77话               11876/…
[1A[JDownloading 第77话               11879/…
[1A[JDownloading 第77话               11884/…
[1A[JDownloading 第77话               11886/…
[1A[JDownloading 第77话               11889/…
[1A[JDownloading 第77话               11891/…
[1A[JDownloading 第77话               11891/…
[1A[JDownloading 第77话               11894/…
[1A[JDownloading 第77话               11900/…
[1A[JDownloading 第77话               11903/…
[1A[JDownloading 第77话               11904/…
[1A[JDownloading 第77话               11907/…
[1A[JDownloading 第77话               11909/…
[1A[JDownloading 第77话               11911/…
[1A[JDownloading 第77话               11914/…
[1A[JDownloading 第78话               11915/…
[1A[JDownloading 第78话               11918/…
[1A[JDownloading 第78话               11919/…
[1A[JDownloading 第78话               11919/…
[1A[JDownloading 第78话               11919/…
[1A[JDownloading 第78话               11920/…
[1A[JDownloading 第78话               11925/…
[1A[JDownloading 第78话               11930/…
[1A[JDownloading 第78话               11932/…
[1A[JDownloading 第78话               11933/…
[1A[JDownloading 第78话               11935/…
[1A[JDownloading 第78话               11937/…
[1A[JDownloading 第78话               11937/…
[1A[JDownloading 第78话               11941/…
[1A[JDownloading 第78话               11946/…
[1A[JDownloading 第78话               11950/…
[1A[JDownloading 第78话               11952/…
[1A[JDownloading 第78话               11955/…
[1A[JDownloading 第78话               11958/…
[1A[JDownloading 第78话               11961/…
[1A[JDownloading 第78话               11965/…
[1A[JDownloading 第78话               11969/…
[1A[JDownloading 第78话               11975/…
[1A[JDownloading 第78话               11976/…
[1A[JDownloading 第78话               11977/…
[1A[JDownloading 第78话               11979/…
[1A[JDownloading 第78话               11979/…
[1A[JDownloading 第78话               11982/…
[1A[JDownloading 第78话               11987/…
[1A[JDownloading 第78话               11990/…
[1A[JDownloading 第78话               11992/…
[1A[JDownloading 第78话               11995/…
[1A[JDownloading 第78话               12000/…
[1A[JDownloading 第78话               12003/…
[1A[JDownloading 第78话               12005/…
[1A[JDownloading 第78话               12007/…
[1A[JDownloading 第78话               12010/…
[1A[JDownloading 第78话               12013/…
[1A[JDownloading 第78话               12013/…
[1A[JDownloading 第78话               12018/…
[1A[JDownloading 第78话               12021/…
[1A[JDownloading 第78话               12025/…
[1A[JDownloading 第78话               12026/…
[1A[JDownloading 第78话               12028/…
[1A[JDownloading 第78话               12034/…
[1A[JDownloading 第78话               12035/…
[1A[JDownloading 第78话               12039/…
[1A[JDownloading 第78话               12043/…
[1A[JDownloading 第78话               12046/…
[1A[JDownloading 第78话               12047/…
[1A[JDownloading 第78话               12048/…
[1A[JDownloading 第78话               12048/…
[1A[JDownloading 第78话               12050/…
[1A[JDownloading 第78话               12053/…
[1A[JDownloading 第78话               12056/…
[1A[JDownloading 第78话               12063/…
[1A[JDownloading 第78话               12065/…
[1A[JDownloading 第78话               12069/…
[1A[JDownloading 第78话               12073/…
[1A[JDownloading 第78话               12073/…
[1A[JDownloading 第78话               12074/…
[1A[JDownloading 第78话               12077/…
[1A[JDownloading 第78话               12079/…
[1A[JDownloading 第78话               12082/…
[1A[JDownloading 第78话               12084/…
[1A[JDownloading 第78话               12085/…
[1A[JDownloading 第78话               12088/…
[1A[JDownloading 第78话               12093/…
[1A[JDownloading 第78话               12095/…
[1A[JDownloading 第78话               12095/…
[1A[JDownloading 第78话               12096/…
[1A[JDownloading 第78话               12096/…
[1A[JDownloading 第78话               12101/…
[1A[JDownloading 第78话               12103/…
[1A[JDownloading 第78话               12104/…
[1A[JDownloading 第78话               12106/…
[1A[JDownloading 第78话               12178/…
[1A[JDownloading 第78话               12181/…
[1A[JDownloading 第78话               12184/…
[1A[JDownloading 第78话               12186/…
[1A[JDownloading 第78话               12187/…
[1A[JDownloading 第78话               12188/…
[1A[JDownloading 第78话               12191/…
[1A[JDownloading 第78话               12196/…
[1A[JDownloading 第78话               12197/…
[1A[JDownloading 第78话               12198/…
[1A[JDownloading 第78话               12200/…
[1A[JDownloading 第78话               12201/…
[1A[JDownloading 第78话               12203/…
[1A[JDownloading 第78话               12203/…
[1A[JDownloading 第78话               12204/…
[1A[JDownloading 第78话               12207/…
[1A[JDownloading 第78话               12211/…
[1A[JDownloading 第78话               12211/…
[1A[JDownloading 第78话               12212/…
[1A[JDownloading 第78话               12214/…
[1A[JDownloading 第78话               12216/…
[1A[JDownloading 第78话               12217/…
[1A[JDownloading 第78话               12219/…
[1A[JDownloading 第79话               12221/…
[1A[JDownloading 第79话               12222/…
[1A[JDownloading 第79话               12222/…
[1A[JDownloading 第79话               12223/…
[1A[JDownloading 第79话               12225/…
[1A[JDownloading 第79话               12230/…
[1A[JDownloading 第79话               12231/…
[1A[JDownloading 第79话               12233/…
[1A[JDownloading 第79话               12236/…
[1A[JDownloading 第79话               12237/…
[1A[JDownloading 第79话               12237/…
[1A[JDownloading 第79话               12316/…
[1A[JDownloading 第79话               12316/…
[1A[JDownloading 第79话               12317/…
[1A[JDownloading 第79话               12319/…
[1A[JDownloading 第79话               12321/…
[1A[JDownloading 第79话               12322/…
[1A[JDownloading 第79话               12323/…
[1A[JDownloading 第79话               12324/…
[1A[JDownloading 第79话               12325/…
[1A[JDownloading 第79话               12325/…
[1A[JDownloading 第79话               12329/…
[1A[JDownloading 第79话               12329/…
[1A[JDownloading 第79话               12329/…
[1A[JDownloading 第79话               12330/…
[1A[JDownloading 第79话               12330/…
[1A[JDownloading 第79话               12330/…
[1A[JDownloading 第79话               12330/…
[1A[JDownloading 第79话               12335/…
[1A[JDownloading 第79话               12335/…
[1A[JDownloading 第79话               12337/…
[1A[JDownloading 第79话               12341/…
[1A[JDownloading 第79话               12341/…
[1A[JDownloading 第79话               12341/…
[1A[JDownloading 第79话               12342/…
[1A[JDownloading 第80话               12343/…
[1A[JDownloading 第80话               12344/…
[1A[JDownloading 第80话               12344/…
[1A[JDownloading 第80话               12345/…
[1A[JDownloading 第80话               12346/…
[1A[JDownloading 第80话               12346/…
[1A[JDownloading 第80话               12347/…
[1A[JDownloading 第80话               12348/…
[1A[JDownloading 第80话               12349/…
[1A[JDownloading 第80话               12350/…
[1A[JDownloading 第80话               12350/…
[1A[JDownloading 第80话               12428/…
[1A[JDownloading 第80话               12430/…
[1A[JDownloading 第80话               12431/…
[1A[JDownloading 第80话               12434/…
[1A[JDownloading 第80话               12435/…
[1A[JDownloading 第80话               12436/…
[1A[JDownloading 第80话               12437/…
[1A[JDownloading 第80话               12439/…
[1A[JDownloading 第80话               12439/…
[1A[JDownloading 第80话               12440/…
[1A[JDownloading 第80话               12441/…
[1A[JDownloading 第80话               12443/…
[1A[JDownloading 第80话               12444/…
[1A[JDownloading 第80话               12445/…
[1A[JDownloading 第80话               12446/…
[1A[JDownloading 第80话               12447/…
[1A[JDownloading 第80话               12447/…
[1A[JDownloading 第80话               12448/…
[1A[JDownloading 第80话               12449/…
[1A[JDownloading 第80话               12450/…
[1A[JDownloading 第80话               12451/…
[1A[JDownloading 第80话               12453/…
[1A[JDownloading 第80话               12525/…
[1A[JDownloading 第81话               12526/…
[1A[JDownloading 第81话               12528/…
[1A[JDownloading 第81话               12528/…
[1A[JDownloading 第81话               12528/…
[1A[JDownloading 第81话               12529/…
[1A[JDownloading 第81话               12533/…
[1A[JDownloading 第81话               12534/…
[1A[JDownloading 第81话               12535/…
[1A[JDownloading 第81话               12535/…
[1A[JDownloading 第81话               12537/…
[1A[JDownloading 第81话               12537/…
[1A[JDownloading 第81话               12538/…
[1A[JDownloading 第81话               12538/…
[1A[JDownloading 第81话               12539/…
[1A[JDownloading 第81话               12540/…
[1A[JDownloading 第81话               12543/…
[1A[JDownloading 第81话               12545/…
[1A[JDownloading 第81话               12549/…
[1A[JDownloading 第81话               12552/…
[1A[JDownloading 第81话               12552/…
[1A[JDownloading 第81话               12553/…
[1A[JDownloading 第81话               12556/…
[1A[JDownloading 第81话               12560/…
[1A[JDownloading 第82话               12561/…
[1A[JDownloading 第82话               12561/…
[1A[JDownloading 第82话               12562/…
[1A[JDownloading 第82话               12564/…
[1A[JDownloading 第82话               12565/…
[1A[JDownloading 第82话               12566/…
[1A[JDownloading 第82话               12570/…
[1A[JDownloading 第82话               12571/…
[1A[JDownloading 第82话               12571/…
[1A[JDownloading 第82话               12573/…
[1A[JDownloading 第82话               12574/…
[1A[JDownloading 第82话               12575/…
[1A[JDownloading 第82话               12579/…
[1A[JDownloading 第82话               12582/…
[1A[JDownloading 第82话               12586/…
[1A[JDownloading 第82话               12588/…
[1A[JDownloading 第82话               12588/…
[1A[JDownloading 第82话               12588/…
[1A[JDownloading 第82话               12590/…
[1A[JDownloading 第82话               12594/…
[1A[JDownloading 第82话               12600/…
[1A[JDownloading 第82话               12601/…
[1A[JDownloading 第82话               12603/…
[1A[JDownloading 第82话               12604/…
[1A[JDownloading 第82话               12604/…
[1A[JDownloading 第82话               12605/…
[1A[JDownloading 第82话               12607/…
[1A[JDownloading 第82话               12610/…
[1A[JDownloading 第82话               12612/…
[1A[JDownloading 第82话               12614/…
[1A[JDownloading 第82话               12617/…
[1A[JDownloading 第82话               12622/…
[1A[JDownloading 第82话               12624/…
[1A[JDownloading 第82话               12629/…
[1A[JDownloading 第82话               12632/…
[1A[JDownloading 第82话               12634/…
[1A[JDownloading 第82话               12636/…
[1A[JDownloading 第82话               12638/…
[1A[JDownloading 第82话               12639/…
[1A[JDownloading 第82话               12641/…
[1A[JDownloading 第82话               12642/…
[1A[JDownloading 第82话               12645/…
[1A[JDownloading 第82话               12645/…
[1A[JDownloading 第82话               12646/…
[1A[JDownloading 第82话               12648/…
[1A[JDownloading 第82话               12652/…
[1A[JDownloading 第82话               12655/…
[1A[JDownloading 第82话               12658/…
[1A[JDownloading 第82话               12663/…
[1A[JDownloading 第82话               12666/…
[1A[JDownloading 第82话               12668/…
[1A[JDownloading 第82话               12668/…
[1A[JDownloading 第82话               12668/…
[1A[JDownloading 第82话               12672/…
[1A[JDownloading 第82话               12676/…
[1A[JDownloading 第82话               12677/…
[1A[JDownloading 第82话               12682/…
[1A[JDownloading 第82话               12684/…
[1A[JDownloading 第82话               12686/…
[1A[JDownloading 第82话               12686/…
[1A[JDownloading 第82话               12687/…
[1A[JDownloading 第82话               12687/…
[1A[JDownloading 第82话               12689/…
[1A[JDownloading 第82话               12691/…
[1A[JDownloading 第82话               12695/…
[1A[JDownloading 第82话               12698/…
[1A[JDownloading 第82话               12700/…
[1A[JDownloading 第82话               12702/…
[1A[JDownloading 第82话               12704/…
[1A[JDownloading 第82话               12706/…
[1A[JDownloading 第82话               12707/…
[1A[JDownloading 第82话               12707/…
[1A[JDownloading 第82话               12708/…
[1A[JDownloading 第82话               12709/…
[1A[JDownloading 第82话               12712/…
[1A[JDownloading 第82话               12714/…
[1A[JDownloading 第82话               12715/…
[1A[JDownloading 第82话               12798/…
[1A[JDownloading 第82话               12798/…
[1A[JDownloading 第82话               12803/…
[1A[JDownloading 第82话               12803/…
[1A[JDownloading 第82话               12805/…
[1A[JDownloading 第82话               12806/…
[1A[JDownloading 第82话               12808/…
[1A[JDownloading 第82话               12809/…
[1A[JDownloading 第82话               12810/…
[1A[JDownloading 第82话               12813/…
[1A[JDownloading 第82话               12814/…
[1A[JDownloading 第82话               12818/…
[1A[JDownloading 第82话               12820/…
[1A[JDownloading 第82话               12821/…
[1A[JDownloading 第82话               12821/…
[1A[JDownloading 第82话               12823/…
[1A[JDownloading 第82话               12825/…
[1A[JDownloading 第82话               12825/…
[1A[JDownloading 第82话               12828/…
[1A[JDownloading 第82话               12829/…
[1A[JDownloading 第82话               12831/…
[1A[JDownloading 第82话               12832/…
[1A[JDownloading 第83话               12832/…
[1A[JDownloading 第83话               12913/…
[1A[JDownloading 第83话               12917/…
[1A[JDownloading 第83话               12918/…
[1A[JDownloading 第83话               12921/…
[1A[JDownloading 第83话               12921/…
[1A[JDownloading 第83话               12922/…
[1A[JDownloading 第83话               12924/…
[1A[JDownloading 第83话               12924/…
[1A[JDownloading 第83话               13004/…
[1A[JDownloading 第83话               13005/…
[1A[JDownloading 第83话               13005/…
[1A[JDownloading 第83话               13006/…
[1A[JDownloading 第83话               13008/…
[1A[JDownloading 第83话               13086/…
[1A[JDownloading 第83话               13089/…
[1A[JDownloading 第83话               13091/…
[1A[JDownloading 第83话               13092/…
[1A[JDownloading 第83话               13093/…
[1A[JDownloading 第83话               13093/…
[1A[JDownloading 第83话               13094/…
[1A[JDownloading 第83话               13094/…
[1A[JDownloading 第83话               13094/…
[1A[JDownloading 第83话               13094/…
[1A[JDownloading 第84话               13094/…
[1A[JDownloading 第84话               13097/…
[1A[JDownloading 第84话               13098/…
[1A[JDownloading 第84话               13100/…
[1A[JDownloading 第84话               13102/…
[1A[JDownloading 第84话               13105/…
[1A[JDownloading 第84话               13106/…
[1A[JDownloading 第85话               13106/…
[1A[JDownloading 第85话               13108/…
[1A[JDownloading 第85话               13108/…
[1A[JDownloading 第85话               13109/…
[1A[JDownloading 第85话               13110/…
[1A[JDownloading 第86话               13111/…
[1A[JDownloading 第86话               13113/…
[1A[JDownloading 第86话               13117/…
[1A[JDownloading 第86话               13120/…
[1A[JDownloading 第86话               13120/…
[1A[JDownloading 第86话               13122/…
[1A[JDownloading 第86话               13127/…
[1A[JDownloading 第86话               13128/…
[1A[JDownloading 第86话               13131/…
[1A[JDownloading 第86话               13132/…
[1A[JDownloading 第86话               13133/…
[1A[JDownloading 第86话               13136/…
[1A[JDownloading 第86话               13143/…
[1A[JDownloading 第86话               13147/…
[1A[JDownloading 第86话               13153/…
[1A[JDownloading 第86话               13155/…
[1A[JDownloading 第86话               13159/…
[1A[JDownloading 第86话               13161/…
[1A[JDownloading 第86话               13164/…
[1A[JDownloading 第86话               13166/…
[1A[JDownloading 第86话               13258/…
[1A[JDownloading 第86话               13262/…
[1A[JDownloading 第86话               13266/…
[1A[JDownloading 第86话               13267/…
[1A[JDownloading 第86话               13270/…
[1A[JDownloading 第86话               13274/…
[1A[JDownloading 第86话               13276/…
[1A[JDownloading 第86话               13280/…
[1A[JDownloading 第86话               13284/…
[1A[JDownloading 第86话               13285/…
[1A[JDownloading 第86话               13288/…
[1A[JDownloading 第86话               13288/…
[1A[JDownloading 第86话               13290/…
[1A[JDownloading 第86话               13291/…
[1A[JDownloading 第86话               13292/…
[1A[JDownloading 第86话               13292/…
[1A[JDownloading 第86话               13294/…
[1A[JDownloading 第86话               13295/…
[1A[JDownloading 第86话               13299/…
[1A[JDownloading 第86话               13303/…
[1A[JDownloading 第86话               13308/…
[1A[JDownloading 第86话               13312/…
[1A[JDownloading 第86话               13314/…
[1A[JDownloading 第87话               13316/…
[1A[JDownloading 第87话               13316/…
[1A[JDownloading 第87话               13317/…
[1A[JDownloading 第87话               13318/…
[1A[JDownloading 第87话               13320/…
[1A[JDownloading 第87话               13320/…
[1A[JDownloading 第87话               13322/…
[1A[JDownloading 第87话               13323/…
[1A[JDownloading 第87话               13323/…
[1A[JDownloading 第87话               13324/…
[1A[JDownloading 第87话               13328/…
[1A[JDownloading 第87话               13334/…
[1A[JDownloading 第87话               13340/…
[1A[JDownloading 第87话               13340/…
[1A[JDownloading 第87话               13342/…
[1A[JDownloading 第87话               13346/…
[1A[JDownloading 第87话               13349/…
[1A[JDownloading 第87话               13352/…
[1A[JDownloading 第87话               13353/…
[1A[JDownloading 第87话               13358/…
[1A[JDownloading 第87话               13359/…
[1A[JDownloading 第87话               13359/…
[1A[JDownloading 第87话               13363/…
[1A[JDownloading 第87话               13367/…
[1A[JDownloading 第87话               13369/…
[1A[JDownloading 第87话               13371/…
[1A[JDownloading 第87话               13372/…
[1A[JDownloading 第87话               13376/…
[1A[JDownloading 第87话               13377/…
[1A[JDownloading 第87话               13380/…
[1A[JDownloading 第87话               13383/…
[1A[JDownloading 第87话               13386/…
[1A[JDownloading 第87话               13386/…
[1A[JDownloading 第87话               13389/…
[1A[JDownloading 第87话               13390/…
[1A[JDownloading 第87话               13396/…
[1A[JDownloading 第87话               13400/…
[1A[JDownloading 第87话               13404/…
[1A[JDownloading 第87话               13404/…
[1A[JDownloading 第87话               13404/…
[1A[JDownloading 第87话               13407/…
[1A[JDownloading 第87话               13415/…
[1A[JDownloading 第87话               13417/…
[1A[JDownloading 第87话               13417/…
[1A[JDownloading 第87话               13417/…
[1A[JDownloading 第87话               13421/…
[1A[JDownloading 第87话               13425/…
[1A[JDownloading 第87话               13430/…
[1A[JDownloading 第87话               13431/…
[1A[JDownloading 第87话               13434/…
[1A[JDownloading 第87话               13438/…
[1A[JDownloading 第87话               13442/…
[1A[JDownloading 第87话               13443/…
[1A[JDownloading 第87话               13445/…
[1A[JDownloading 第87话               13446/…
[1A[JDownloading 第87话               13449/…
[1A[JDownloading 第87话               13451/…
[1A[JDownloading 第87话               13452/…
[1A[JDownloading 第87话               13453/…
[1A[JDownloading 第87话               13455/…
[1A[JDownloading 第87话               13459/…
[1A[JDownloading 第87话               13462/…
[1A[JDownloading 第87话               13466/…
[1A[JDownloading 第87话               13467/…
[1A[JDownloading 第87话               13473/…
[1A[JDownloading 第87话               13476/…
[1A[JDownloading 第87话               13480/…
[1A[JDownloading 第87话               13483/…
[1A[JDownloading 第87话               13484/…
[1A[JDownloading 第87话               13485/…
[1A[JDownloading 第87话               13486/…
[1A[JDownloading 第87话               13489/…
[1A[JDownloading 第87话               13493/…
[1A[JDownloading 第87话               13494/…
[1A[JDownloading 第87话               13496/…
[1A[JDownloading 第87话               13569/…
[1A[JDownloading 第87话               13569/…
[1A[JDownloading 第87话               13572/…
[1A[JDownloading 第87话               13572/…
[1A[JDownloading 第87话               13576/…
[1A[JDownloading 第87话               13641/…
[1A[JDownloading 第87话               13642/…
[1A[JDownloading 第87话               13644/…
[1A[JDownloading 第87话               13645/…
[1A[JDownloading 第87话               13645/…
[1A[JDownloading 第87话               13646/…
[1A[JDownloading 第87话               13649/…
[1A[JDownloading 第87话               13649/…
[1A[JDownloading 第87话               13651/…
[1A[JDownloading 第87话               13652/…
[1A[JDownloading 第87话               13654/…
[1A[JDownloading 第87话               13655/…
[1A[JDownloading 第87话               13656/…
[1A[JDownloading 第87话               13657/…
[1A[JDownloading 第87话               13732/…
[1A[JDownloading 第87话               13732/…
[1A[JDownloading 第87话               13732/…
[1A[JDownloading 第87话               13733/…
[1A[JDownloading 第88话               13734/…
[1A[JDownloading 第88话               13735/…
[1A[JDownloading 第88话               13735/…
[1A[JDownloading 第88话               13735/…
[1A[JDownloading 第89话               13735/…
[1A[JDownloading 第89话               13735/…
[1A[JDownloading 第89话               13735/…
[1A[JDownloading 第89话               13736/…
[1A[JDownloading 第89话               13737/…
[1A[JDownloading 第89话               13740/…
[1A[JDownloading 第89话               13740/…
[1A[JDownloading 第89话               13741/…
[1A[JDownloading 第89话               13743/…
[1A[JDownloading 第89话               13747/…
[1A[JDownloading 第89话               13750/…
[1A[JDownloading 第89话               13753/…
[1A[JDownloading 第89话               13755/…
[1A[JDownloading 第89话               13757/…
[1A[JDownloading 第89话               13757/…
[1A[JDownloading 第89话               13758/…
[1A[JDownloading 第89话               13761/…
[1A[JDownloading 第90话               13763/…
[1A[JDownloading 第90话               13764/…
[1A[JDownloading 第90话               13765/…
[1A[JDownloading 第90话               13767/…
[1A[JDownloading 第90话               13768/…
[1A[JDownloading 第90话               13844/…
[1A[JDownloading 第90话               13847/…
[1A[JDownloading 第90话               13847/…
[1A[JDownloading 第90话               13849/…
[1A[JDownloading 第90话               13849/…
[1A[JDownloading 第90话               13854/…
[1A[JDownloading 第90话               13857/…
[1A[JDownloading 第90话               13858/…
[1A[JDownloading 第90话               13933/…
[1A[JDownloading 第90话               13933/…
[1A[JDownloading 第90话               13937/…
[1A[JDownloading 第90话               13938/…
[1A[JDownloading 第90话               13940/…
[1A[JDownloading 第90话               13943/…
[1A[JDownloading 第90话               13943/…
[1A[JDownloading 第90话               13944/…
[1A[JDownloading 第90话               13944/…
[1A[JDownloading 第90话               13947/…
[1A[JDownloading 第90话               13950/…
[1A[JDownloading 第90话               13950/…
[1A[JDownloading 第90话               13952/…
[1A[JDownloading 第90话               13956/…
[1A[JDownloading 第90话               13957/…
[1A[JDownloading 第90话               13959/…
[1A[JDownloading 第91话               13962/…
[1A[JDownloading 第91话               13962/…
[1A[JDownloading 第91话               13965/…
[1A[JDownloading 第91话               13966/…
[1A[JDownloading 第91话               13967/…
[1A[JDownloading 第91话               13967/…
[1A[JDownloading 第92话               13967/…
[1A[JDownloading 第92话               13971/…
[1A[JDownloading 第92话               13973/…
[1A[JDownloading 第92话               13977/…
[1A[JDownloading 第92话               13982/…
[1A[JDownloading 第92话               13985/…
[1A[JDownloading 第92话               13986/…
[1A[JDownloading 第92话               13991/…
[1A[JDownloading 第92话               13992/…
[1A[JDownloading 第92话               13993/…
[1A[JDownloading 第92话               13994/…
[1A[JDownloading 第92话               13996/…
[1A[JDownloading 第92话               13999/…
[1A[JDownloading 第92话               14003/…
[1A[JDownloading 第92话               14011/…
[1A[JDownloading 第92话               14012/…
[1A[JDownloading 第92话               14013/…
[1A[JDownloading 第92话               14014/…
[1A[JDownloading 第92话               14018/…
[1A[JDownloading 第92话               14021/…
[1A[JDownloading 第92话               14023/…
[1A[JDownloading 第92话               14026/…
[1A[JDownloading 第92话               14029/…
[1A[JDownloading 第92话               14032/…
[1A[JDownloading 第92话               14034/…
[1A[JDownloading 第92话               14034/…
[1A[JDownloading 第92话               14041/…
[1A[JDownloading 第92话               14042/…
[1A[JDownloading 第92话               14048/…
[1A[JDownloading 第92话               14050/…
[1A[JDownloading 第92话               14053/…
[1A[JDownloading 第92话               14054/…
[1A[JDownloading 第92话               14057/…
[1A[JDownloading 第92话               14059/…
[1A[JDownloading 第92话               14064/…
[1A[JDownloading 第92话               14067/…
[1A[JDownloading 第92话               14069/…
[1A[JDownloading 第92话               14072/…
[1A[JDownloading 第92话               14073/…
[1A[JDownloading 第92话               14075/…
[1A[JDownloading 第92话               14079/…
[1A[JDownloading 第92话               14086/…
[1A[JDownloading 第92话               14090/…
[1A[JDownloading 第92话               14090/…
[1A[JDownloading 第92话               14091/…
[1A[JDownloading 第92话               14096/…
[1A[JDownloading 第92话               14097/…
[1A[JDownloading 第92话               14098/…
[1A[JDownloading 第92话               14102/…
[1A[JDownloading 第92话               14107/…
[1A[JDownloading 第92话               14110/…
[1A[JDownloading 第92话               14115/…
[1A[JDownloading 第92话               14118/…
[1A[JDownloading 第92话               14118/…
[1A[JDownloading 第92话               14122/…
[1A[JDownloading 第92话               14124/…
[1A[JDownloading 第92话               14125/…
[1A[JDownloading 第92话               14126/…
[1A[JDownloading 第92话               14130/…
[1A[JDownloading 第92话               14133/…
[1A[JDownloading 第92话               14136/…
[1A[JDownloading 第92话               14139/…
[1A[JDownloading 第92话               14142/…
[1A[JDownloading 第92话               14144/…
[1A[JDownloading 第92话               14144/…
[1A[JDownloading 第92话               14147/…
[1A[JDownloading 第92话               14150/…
[1A[JDownloading 第92话               14152/…
[1A[JDownloading 第92话               14158/…
[1A[JDownloading 第92话               14162/…
[1A[JDownloading 第92话               14165/…
[1A[JDownloading 第92话               14167/…
[1A[JDownloading 第92话               14170/…
[1A[JDownloading 第92话               14171/…
[1A[JDownloading 第92话               14175/…
[1A[JDownloading 第92话               14180/…
[1A[JDownloading 第92话               14183/…
[1A[JDownloading 第92话               14184/…
[1A[JDownloading 第92话               14186/…
[1A[JDownloading 第92话               14189/…
[1A[JDownloading 第92话               14190/…
[1A[JDownloading 第92话               14192/…
[1A[JDownloading 第92话               14198/…
[1A[JDownloading 第92话               14203/…
[1A[JDownloading 第92话               14206/…
[1A[JDownloading 第92话               14209/…
[1A[JDownloading 第92话               14213/…
[1A[JDownloading 第92话               14215/…
[1A[JDownloading 第92话               14218/…
[1A[JDownloading 第92话               14220/…
[1A[JDownloading 第92话               14223/…
[1A[JDownloading 第92话               14227/…
[1A[JDownloading 第92话               14228/…
[1A[JDownloading 第92话               14231/…
[1A[JDownloading 第92话               14232/…
[1A[JDownloading 第92话               14234/…
[1A[JDownloading 第92话               14238/…
[1A[JDownloading 第92话               14241/…
[1A[JDownloading 第92话               14245/…
[1A[JDownloading 第92话               14247/…
[1A[JDownloading 第92话               14248/…
[1A[JDownloading 第92话               14252/…
[1A[JDownloading 第92话               14253/…
[1A[JDownloading 第92话               14257/…
[1A[JDownloading 第92话               14258/…
[1A[JDownloading 第92话               14260/…
[1A[JDownloading 第92话               14261/…
[1A[JDownloading 第92话               14344/…
[1A[JDownloading 第92话               14347/…
[1A[JDownloading 第92话               14350/…
[1A[JDownloading 第92话               14351/…
[1A[JDownloading 第92话               14355/…
[1A[JDownloading 第92话               14356/…
[1A[JDownloading 第92话               14358/…
[1A[JDownloading 第92话               14361/…
[1A[JDownloading 第92话               14362/…
[1A[JDownloading 第92话               14365/…
[1A[JDownloading 第92话               14367/…
[1A[JDownloading 第92话               14367/…
[1A[JDownloading 第92话               14368/…
[1A[JDownloading 第92话               14371/…
[1A[JDownloading 第92话               14373/…
[1A[JDownloading 第92话               14376/…
[1A[JDownloading 第92话               14378/…
[1A[JDownloading 第92话               14378/…
[1A[JDownloading 第92话               14379/…
[1A[JDownloading 第92话               14383/…
[1A[JDownloading 第92话               14385/…
[1A[JDownloading 第92话               14387/…
[1A[JDownloading 第92话               14390/…
[1A[JDownloading 第93话               14392/…
[1A[JDownloading 第93话               14394/…
[1A[JDownloading 第93话               14394/…
[1A[JDownloading 第93话               14396/…
[1A[JDownloading 第93话               14490/…
[1A[JDownloading 第93话               14490/…
[1A[JDownloading 第93话               14491/…
[1A[JDownloading 第93话               14493/…
[1A[JDownloading 第93话               14494/…
[1A[JDownloading 第93话               14495/…
[1A[JDownloading 第93话               14496/…
[1A[JDownloading 第93话               14496/…
[1A[JDownloading 第93话               14496/…
[1A[JDownloading 第93话               14500/…
[1A[JDownloading 第93话               14501/…
[1A[JDownloading 第93话               14502/…
[1A[JDownloading 第93话               14589/…
[1A[JDownloading 第93话               14589/…
[1A[JDownloading 第93话               14591/…
[1A[JDownloading 第93话               14592/…
[1A[JDownloading 第93话               14593/…
[1A[JDownloading 第93话               14594/…
[1A[JDownloading 第93话               14675/…
[1A[JDownloading 第93话               14675/…
[1A[JDownloading 第93话               14676/…
[1A[JDownloading 第93话               14677/…
[1A[JDownloading 第94话               14677/…
[1A[JDownloading 第94话               14677/…
[1A[JDownloading 第94话               14677/…
[1A[JDownloading 第94话               14677/…
[1A[JDownloading 第94话               14677/…
[1A[JDownloading 第94话               14678/…
[1A[JDownloading 第94话               14678/…
[1A[JDownloading 第94话               14678/…
[1A[JDownloading 第94话               14679/…
[1A[JDownloading 第94话               14681/…
[1A[JDownloading 第94话               14684/…
[1A[JDownloading 第94话               14685/…
[1A[JDownloading 第94话               14687/…
[1A[JDownloading 第95话               14688/…
[1A[JDownloading 第95话               14689/…
[1A[JDownloading 第95话               14691/…
[1A[JDownloading 第95话               14693/…
[1A[JDownloading 第95话               14694/…
[1A[JDownloading 第95话               14695/…
[1A[JDownloading 第96话               14695/…
[1A[JDownloading 第96话               14697/…
[1A[JDownloading 第96话               14698/…
[1A[JDownloading 第96话               14702/…
[1A[JDownloading 第96话               14705/…
[1A[JDownloading 第96话               14705/…
[1A[JDownloading 第96话               14705/…
[1A[JDownloading 第96话               14710/…
[1A[JDownloading 第96话               14710/…
[1A[JDownloading 第96话               14712/…
[1A[JDownloading 第96话               14715/…
[1A[JDownloading 第96话               14716/…
[1A[JDownloading 第96话               14720/…
[1A[JDownloading 第96话               14722/…
[1A[JDownloading 第96话               14725/…
[1A[JDownloading 第96话               14729/…
[1A[JDownloading 第96话               14731/…
[1A[JDownloading 第96话               14734/…
[1A[JDownloading 第96话               14736/…
[1A[JDownloading 第96话               14738/…
[1A[JDownloading 第96话               14739/…
[1A[JDownloading 第96话               14742/…
[1A[JDownloading 第96话               14745/…
[1A[JDownloading 第96话               14745/…
[1A[JDownloading 第96话               14748/…
[1A[JDownloading 第96话               14749/…
[1A[JDownloading 第96话               14751/…
[1A[JDownloading 第96话               14753/…
[1A[JDownloading 第96话               14756/…
[1A[JDownloading 第96话               14757/…
[1A[JDownloading 第96话               14758/…
[1A[JDownloading 第96话               14760/…
[1A[JDownloading 第96话               14765/…
[1A[JDownloading 第96话               14770/…
[1A[JDownloading 第96话               14773/…
[1A[JDownloading 第96话               14773/…
[1A[JDownloading 第96话               14774/…
[1A[JDownloading 第96话               14777/…
[1A[JDownloading 第96话               14777/…
[1A[JDownloading 第96话               14779/…
[1A[JDownloading 第96话               14782/…
[1A[JDownloading 第96话               14783/…
[1A[JDownloading 第96话               14785/…
[1A[JDownloading 第96话               14789/…
[1A[JDownloading 第96话               14790/…
[1A[JDownloading 第96话               14792/…
[1A[JDownloading 第96话               14793/…
[1A[JDownloading 第96话               14797/…
[1A[JDownloading 第96话               14799/…
[1A[JDownloading 第96话               14805/…
[1A[JDownloading 第96话               14805/…
[1A[JDownloading 第96话               14806/…
[1A[JDownloading 第96话               14806/…
[1A[JDownloading 第96话               14809/…
[1A[JDownloading 第96话               14813/…
[1A[JDownloading 第96话               14817/…
[1A[JDownloading 第96话               14820/…
[1A[JDownloading 第96话               14824/…
[1A[JDownloading 第96话               14825/…
[1A[JDownloading 第96话               14826/…
[1A[JDownloading 第96话               14829/…
[1A[JDownloading 第96话               14831/…
[1A[JDownloading 第96话               14832/…
[1A[JDownloading 第96话               14832/…
[1A[JDownloading 第96话               14834/…
[1A[JDownloading 第96话               14838/…
[1A[JDownloading 第96话               14838/…
[1A[JDownloading 第96话               14842/…
[1A[JDownloading 第96话               14932/…
[1A[JDownloading 第96话               14934/…
[1A[JDownloading 第96话               14936/…
[1A[JDownloading 第96话               14937/…
[1A[JDownloading 第96话               14941/…
[1A[JDownloading 第96话               14944/…
[1A[JDownloading 第96话               14948/…
[1A[JDownloading 第96话               14949/…
[1A[JDownloading 第96话               14952/…
[1A[JDownloading 第96话               14954/…
[1A[JDownloading 第96话               14958/…
[1A[JDownloading 第96话               14958/…
[1A[JDownloading 第96话               14959/…
[1A[JDownloading 第96话               14960/…
[1A[JDownloading 第96话               14961/…
[1A[JDownloading 第96话               14963/…
[1A[JDownloading 第96话               14963/…
[1A[JDownloading 第96话               14965/…
[1A[JDownloading 第96话               14968/…
[1A[JDownloading 第96话               14969/…
[1A[JDownloading 第96话               14972/…
[1A[JDownloading 第96话               14977/…
[1A[JDownloading 第97话               14982/…
[1A[JDownloading 第97话               14983/…
[1A[JDownloading 第97话               14984/…
[1A[JDownloading 第97话               14986/…
[1A[JDownloading 第97话               14991/…
[1A[JDownloading 第97话               14993/…
[1A[JDownloading 第97话               14995/…
[1A[JDownloading 第97话               14996/…
[1A[JDownloading 第97话               14999/…
[1A[JDownloading 第97话               15001/…
[1A[JDownloading 第97话               15004/…
[1A[JDownloading 第97话               15006/…
[1A[JDownloading 第97话               15008/…
[1A[JDownloading 第97话               15013/…
[1A[JDownloading 第97话               15018/…
[1A[JDownloading 第97话               15018/…
[1A[JDownloading 第97话               15021/…
[1A[JDownloading 第97话               15022/…
[1A[JDownloading 第97话               15026/…
[1A[JDownloading 第97话               15028/…
[1A[JDownloading 第97话               15033/…
[1A[JDownloading 第97话               15036/…
[1A[JDownloading 第97话               15039/…
[1A[JDownloading 第97话               15041/…
[1A[JDownloading 第97话               15042/…
[1A[JDownloading 第97话               15043/…
[1A[JDownloading 第97话               15047/…
[1A[JDownloading 第97话               15047/…
[1A[JDownloading 第97话               15051/…
[1A[JDownloading 第97话               15053/…
[1A[JDownloading 第97话               15056/…
[1A[JDownloading 第97话               15058/…
[1A[JDownloading 第97话               15061/…
[1A[JDownloading 第97话               15062/…
[1A[JDownloading 第97话               15066/…
[1A[JDownloading 第97话               15070/…
[1A[JDownloading 第97话               15072/…
[1A[JDownloading 第97话               15074/…
[1A[JDownloading 第97话               15074/…
[1A[JDownloading 第97话               15075/…
[1A[JDownloading 第97话               15077/…
[1A[JDownloading 第97话               15079/…
[1A[JDownloading 第97话               15080/…
[1A[JDownloading 第97话               15081/…
[1A[JDownloading 第97话               15084/…
[1A[JDownloading 第97话               15172/…
[1A[JDownloading 第97话               15174/…
[1A[JDownloading 第97话               15175/…
[1A[JDownloading 第97话               15176/…
[1A[JDownloading 第97话               15177/…
[1A[JDownloading 第97话               15177/…
[1A[JDownloading 第97话               15180/…
[1A[JDownloading 第97话               15182/…
[1A[JDownloading 第97话               15266/…
[1A[JDownloading 第97话               15268/…
[1A[JDownloading 第97话               15268/…
[1A[JDownloading 第97话               15270/…
[1A[JDownloading 第97话               15270/…
[1A[JDownloading 第97话               15272/…
[1A[JDownloading 第97话               15274/…
[1A[JDownloading 第97话               15274/…
[1A[JDownloading 第97话               15274/…
[1A[JDownloading 第97话               15274/…
[1A[JDownloading 第97话               15276/…
[1A[JDownloading 第97话               15277/…
[1A[JDownloading 第97话               15279/…
[1A[JDownloading 第97话               15280/…
[1A[JDownloading 第97话               15282/…
[1A[JDownloading 第98话               15284/…
[1A[JDownloading 第98话               15284/…
[1A[JDownloading 第98话               15285/…
[1A[JDownloading 第98话               15286/…
[1A[JDownloading 第98话               15288/…
[1A[JDownloading 第98话               15290/…
[1A[JDownloading 第98话               15290/…
[1A[JDownloading 第99话               15291/…
[1A[JDownloading 第99话               15292/…
[1A[JDownloading 第99话               15293/…
[1A[JDownloading 第99话               15294/…
[1A[JDownloading 第99话               15295/…
[1A[JDownloading 第99话               15296/…
[1A[JDownloading 第99话               15298/…
[1A[JDownloading 第99话               15381/…
[1A[JDownloading 第99话               15383/…
[1A[JDownloading 第99话               15383/…
[1A[JDownloading 第99话               15385/…
[1A[JDownloading 第99话               15387/…
[1A[JDownloading 第99话               15389/…
[1A[JDownloading 第99话               15479/…
[1A[JDownloading 第99话               15482/…
[1A[JDownloading 第99话               15482/…
[1A[JDownloading 第99话               15483/…
[1A[JDownloading 第99话               15484/…
[1A[JDownloading 第99话               15485/…
[1A[JDownloading 第99话               15486/…
[1A[JDownloading 第99话               15488/…
[1A[JDownloading 第99话               15491/…
[1A[JDownloading 第99话               15494/…
[1A[JDownloading 第99话               15494/…
[1A[JDownloading 第99话               15495/…
[1A[JDownloading 第99话               15498/…
[1A[JDownloading 第99话               15499/…
[1A[JDownloading 第99话               15501/…
[1A[JDownloading 第99话               15502/…
[1A[JDownloading 第99话               15502/…
[1A[JDownloading 第100话              15505/…
[1A[JDownloading 第100话              15505/…
[1A[JDownloading 第100话              15507/…
[1A[JDownloading 第100话              15508/…
[1A[JDownloading 第100话              15508/…
[1A[JDownloading 第101话              15511/…
[1A[JDownloading 第101话              15513/…
[1A[JDownloading 第101话              15513/…
[1A[JDownloading 第101话              15515/…
[1A[JDownloading 第101话              15522/…
[1A[JDownloading 第101话              15524/…
[1A[JDownloading 第101话              15525/…
[1A[JDownloading 第101话              15527/…
[1A[JDownloading 第101话              15528/…
[1A[JDownloading 第101话              15528/…
[1A[JDownloading 第101话              15529/…
[1A[JDownloading 第101话              15533/…
[1A[JDownloading 第101话              15537/…
[1A[JDownloading 第101话              15544/…
[1A[JDownloading 第101话              15547/…
[1A[JDownloading 第101话              15547/…
[1A[JDownloading 第101话              15549/…
[1A[JDownloading 第101话              15555/…
[1A[JDownloading 第101话              15557/…
[1A[JDownloading 第101话              15557/…
[1A[JDownloading 第101话              15561/…
[1A[JDownloading 第101话              15565/…
[1A[JDownloading 第101话              15566/…
[1A[JDownloading 第101话              15567/…
[1A[JDownloading 第101话              15570/…
[1A[JDownloading 第101话              15574/…
[1A[JDownloading 第101话              15579/…
[1A[JDownloading 第101话              15580/…
[1A[JDownloading 第101话              15582/…
[1A[JDownloading 第101话              15585/…
[1A[JDownloading 第101话              15586/…
[1A[JDownloading 第101话              15589/…
[1A[JDownloading 第101话              15593/…
[1A[JDownloading 第101话              15595/…
[1A[JDownloading 第101话              15598/…
[1A[JDownloading 第101话              15599/…
[1A[JDownloading 第101话              15601/…
[1A[JDownloading 第101话              15602/…
[1A[JDownloading 第101话              15605/…
[1A[JDownloading 第101话              15606/…
[1A[JDownloading 第101话              15611/…
[1A[JDownloading 第101话              15613/…
[1A[JDownloading 第101话              15614/…
[1A[JDownloading 第101话              15616/…
[1A[JDownloading 第101话              15617/…
[1A[JDownloading 第101话              15618/…
[1A[JDownloading 第101话              15625/…
[1A[JDownloading 第101话              15629/…
[1A[JDownloading 第101话              15633/…
[1A[JDownloading 第101话              15634/…
[1A[JDownloading 第101话              15707/…
[1A[JDownloading 第101话              15709/…
[1A[JDownloading 第101话              15709/…
[1A[JDownloading 第101话              15711/…
[1A[JDownloading 第101话              15712/…
[1A[JDownloading 第101话              15713/…
[1A[JDownloading 第101话              15715/…
[1A[JDownloading 第101话              15717/…
[1A[JDownloading 第101话              15721/…
[1A[JDownloading 第101话              15721/…
[1A[JDownloading 第101话              15723/…
[1A[JDownloading 第101话              15725/…
[1A[JDownloading 第101话              15727/…
[1A[JDownloading 第101话              15731/…
[1A[JDownloading 第101话              15733/…
[1A[JDownloading 第101话              15736/…
[1A[JDownloading 第101话              15739/…
[1A[JDownloading 第101话              15741/…
[1A[JDownloading 第101话              15746/…
[1A[JDownloading 第101话              15747/…
[1A[JDownloading 第101话              15751/…
[1A[JDownloading 第101话              15753/…
[1A[JDownloading 第102话              15754/…
[1A[JDownloading 第102话              15756/…
[1A[JDownloading 第102话              15756/…
[1A[JDownloading 第102话              15756/…
[1A[JDownloading 第102话              15757/…
[1A[JDownloading 第102话              15761/…
[1A[JDownloading 第102话              15762/…
[1A[JDownloading 第102话              15766/…
[1A[JDownloading 第102话              15770/…
[1A[JDownloading 第102话              15770/…
[1A[JDownloading 第102话              15775/…
[1A[JDownloading 第102话              15777/…
[1A[JDownloading 第102话              15781/…
[1A[JDownloading 第102话              15784/…
[1A[JDownloading 第102话              15785/…
[1A[JDownloading 第102话              15789/…
[1A[JDownloading 第102话              15791/…
[1A[JDownloading 第102话              15796/…
[1A[JDownloading 第102话              15798/…
[1A[JDownloading 第102话              15801/…
[1A[JDownloading 第102话              15802/…
[1A[JDownloading 第102话              15803/…
[1A[JDownloading 第102话              15807/…
[1A[JDownloading 第102话              15810/…
[1A[JDownloading 第102话              15812/…
[1A[JDownloading 第102话              15815/…
[1A[JDownloading 第102话              15816/…
[1A[JDownloading 第102话              15819/…
[1A[JDownloading 第102话              15823/…
[1A[JDownloading 第102话              15824/…
[1A[JDownloading 第102话              15827/…
[1A[JDownloading 第102话              15830/…
[1A[JDownloading 第102话              15832/…
[1A[JDownloading 第102话              15835/…
[1A[JDownloading 第102话              15837/…
[1A[JDownloading 第102话              15837/…
[1A[JDownloading 第102话              15842/…
[1A[JDownloading 第102话              15847/…
[1A[JDownloading 第102话              15848/…
[1A[JDownloading 第102话              15850/…
[1A[JDownloading 第102话              15852/…
[1A[JDownloading 第102话              15853/…
[1A[JDownloading 第102话              15857/…
[1A[JDownloading 第102话              15861/…
[1A[JDownloading 第102话              15863/…
[1A[JDownloading 第102话              15865/…
[1A[JDownloading 第102话              15865/…
[1A[JDownloading 第102话              15865/…
[1A[JDownloading 第102话              15868/…
[1A[JDownloading 第102话              15869/…
[1A[JDownloading 第102话              15870/…
[1A[JDownloading 第102话              15871/…
[1A[JDownloading 第102话              15871/…
[1A[JDownloading 第102话              15874/…
[1A[JDownloading 第102话              15876/…
[1A[JDownloading 第102话              15877/…
[1A[JDownloading 第102话              15879/…
[1A[JDownloading 第102话              15882/…
[1A[JDownloading 第102话              15884/…
[1A[JDownloading 第102话              15884/…
[1A[JDownloading 第102话              15967/…
[1A[JDownloading 第102话              15967/…
[1A[JDownloading 第102话              15967/…
[1A[JDownloading 第102话              15969/…
[1A[JDownloading 第102话              15971/…
[1A[JDownloading 第102话              16050/…
[1A[JDownloading 第102话              16052/…
[1A[JDownloading 第102话              16052/…
[1A[JDownloading 第102话              16056/…
[1A[JDownloading 第102话              16056/…
[1A[JDownloading 第102话              16057/…
[1A[JDownloading 第102话              16058/…
[1A[JDownloading 第102话              16058/…
[1A[JDownloading 第102话              16061/…
[1A[JDownloading 第102话              16062/…
[1A[JDownloading 第102话              16063/…
[1A[JDownloading 第102话              16063/…
[1A[JDownloading 第102话              16063/…
[1A[JDownloading 第102话              16063/…
[1A[JDownloading 第102话              16063/…
[1A[JDownloading 第102话              16063/…
[1A[JDownloading 第102话              16064/…
[1A[JDownloading 第103话              16066/…
[1A[JDownloading 第103话              16141/…
[1A[JDownloading 第103话              16141/…
[1A[JDownloading 第103话              16143/…
[1A[JDownloading 第103话              16143/…
[1A[JDownloading 第104话              16143/…
[1A[JDownloading 第104话              16143/…
[1A[JDownloading 第104话              16143/…
[1A[JDownloading 第104话              16143/…
[1A[JDownloading 第104话              16222/…
[1A[JDownloading 第104话              16223/…
[1A[JDownloading 第104话              16225/…
[1A[JDownloading 第104话              16227/…
[1A[JDownloading 第104话              16227/…
[1A[JDownloading 第104话              16228/…
[1A[JDownloading 第104话              16231/…
[1A[JDownloading 第104话              16231/…
[1A[JDownloading 第104话              16234/…
[1A[JDownloading 第104话              16235/…
[1A[JDownloading 第104话              16239/…
[1A[JDownloading 第104话              16239/…
[1A[JDownloading 第104话              16243/…
[1A[JDownloading 第104话              16243/…
[1A[JDownloading 第105话              16245/…
[1A[JDownloading 第105话              16246/…
[1A[JDownloading 第105话              16248/…
[1A[JDownloading 第105话              16251/…
[1A[JDownloading 第105话              16252/…
[1A[JDownloading 第105话              16255/…
[1A[JDownloading 第105话              16256/…
[1A[JDownloading 第105话              16258/…
[1A[JDownloading 第106话              16259/…
[1A[JDownloading 第106话              16261/…
[1A[JDownloading 第106话              16262/…
[1A[JDownloading 第106话              16263/…
[1A[JDownloading 第106话              16269/…
[1A[JDownloading 第106话              16274/…
[1A[JDownloading 第106话              16275/…
[1A[JDownloading 第106话              16278/…
[1A[JDownloading 第106话              16281/…
[1A[JDownloading 第106话              16285/…
[1A[JDownloading 第106话              16359/…
[1A[JDownloading 第106话              16360/…
[1A[JDownloading 第106话              16362/…
[1A[JDownloading 第106话              16367/…
[1A[JDownloading 第106话              16369/…
[1A[JDownloading 第106话              16369/…
[1A[JDownloading 第106话              16371/…
[1A[JDownloading 第106话              16375/…
[1A[JDownloading 第106话              16376/…
[1A[JDownloading 第106话              16380/…
[1A[JDownloading 第106话              16384/…
[1A[JDownloading 第106话              16386/…
[1A[JDownloading 第106话              16386/…
[1A[JDownloading 第106话              16389/…
[1A[JDownloading 第106话              16391/…
[1A[JDownloading 第106话              16395/…
[1A[JDownloading 第106话              16396/…
[1A[JDownloading 第106话              16400/…
[1A[JDownloading 第106话              16401/…
[1A[JDownloading 第106话              16402/…
[1A[JDownloading 第106话              16405/…
[1A[JDownloading 第106话              16407/…
[1A[JDownloading 第107话              16408/…
[1A[JDownloading 第107话              16411/…
[1A[JDownloading 第107话              16412/…
[1A[JDownloading 第107话              16412/…
[1A[JDownloading 第107话              16415/…
[1A[JDownloading 第107话              16420/…
[1A[JDownloading 第107话              16423/…
[1A[JDownloading 第107话              16425/…
[1A[JDownloading 第107话              16429/…
[1A[JDownloading 第107话              16430/…
[1A[JDownloading 第107话              16433/…
[1A[JDownloading 第107话              16436/…
[1A[JDownloading 第107话              16436/…
[1A[JDownloading 第107话              16436/…
[1A[JDownloading 第107话              16442/…
[1A[JDownloading 第107话              16446/…
[1A[JDownloading 第107话              16449/…
[1A[JDownloading 第107话              16457/…
[1A[JDownloading 第107话              16462/…
[1A[JDownloading 第107话              16462/…
[1A[JDownloading 第107话              16466/…
[1A[JDownloading 第107话              16469/…
[1A[JDownloading 第107话              16469/…
[1A[JDownloading 第107话              16472/…
[1A[JDownloading 第107话              16474/…
[1A[JDownloading 第107话              16474/…
[1A[JDownloading 第107话              16477/…
[1A[JDownloading 第107话              16478/…
[1A[JDownloading 第107话              16484/…
[1A[JDownloading 第107话              16487/…
[1A[JDownloading 第107话              16490/…
[1A[JDownloading 第107话              16494/…
[1A[JDownloading 第107话              16497/…
[1A[JDownloading 第107话              16502/…
[1A[JDownloading 第107话              16504/…
[1A[JDownloading 第107话              16508/…
[1A[JDownloading 第107话              16510/…
[1A[JDownloading 第107话              16512/…
[1A[JDownloading 第107话              16515/…
[1A[JDownloading 第107话              16518/…
[1A[JDownloading 第107话              16520/…
[1A[JDownloading 第107话              16523/…
[1A[JDownloading 第107话              16523/…
[1A[JDownloading 第107话              16527/…
[1A[JDownloading 第107话              16529/…
[1A[JDownloading 第107话              16532/…
[1A[JDownloading 第107话              16537/…
[1A[JDownloading 第107话              16540/…
[1A[JDownloading 第107话              16544/…
[1A[JDownloading 第107话              16545/…
[1A[JDownloading 第107话              16552/…
[1A[JDownloading 第107话              16554/…
[1A[JDownloading 第107话              16556/…
[1A[JDownloading 第107话              16558/…
[1A[JDownloading 第107话              16562/…
[1A[JDownloading 第107话              16564/…
[1A[JDownloading 第107话              16565/…
[1A[JDownloading 第107话              16566/…
[1A[JDownloading 第107话              16567/…
[1A[JDownloading 第107话              16572/…
[1A[JDownloading 第107话              16572/…
[1A[JDownloading 第107话              16642/…
[1A[JDownloading 第107话              16642/…
[1A[JDownloading 第107话              16645/…
[1A[JDownloading 第107话              16649/…
[1A[JDownloading 第107话              16653/…
[1A[JDownloading 第107话              16656/…
[1A[JDownloading 第107话              16657/…
[1A[JDownloading 第107话              16729/…
[1A[JDownloading 第107话              16729/…
[1A[JDownloading 第107话              16731/…
[1A[JDownloading 第107话              16733/…
[1A[JDownloading 第107话              16737/…
[1A[JDownloading 第107话              16739/…
[1A[JDownloading 第107话              16739/…
[1A[JDownloading 第107话              16739/…
[1A[JDownloading 第107话              16740/…
[1A[JDownloading 第107话              16744/…
[1A[JDownloading 第107话              16746/…
[1A[JDownloading 第107话              16748/…
[1A[JDownloading 第107话              16748/…
[1A[JDownloading 第107话              16749/…
[1A[JDownloading 第107话              16749/…
[1A[JDownloading 第108话              16749/…
[1A[JDownloading 第108话              16749/…
[1A[JDownloading 第108话              16749/…
[1A[JDownloading 第108话              16752/…
[1A[JDownloading 第108话              16754/…
[1A[JDownloading 第108话              16760/…
[1A[JDownloading 第109话              16761/…
[1A[JDownloading 第109话              16761/…
[1A[JDownloading 第109话              16761/…
[1A[JDownloading 第109话              16762/…
[1A[JDownloading 第109话              16762/…
[1A[JDownloading 第109话              16762/…
[1A[JDownloading 第109话              16763/…
[1A[JDownloading 第109话              16833/…
[1A[JDownloading 第109话              16835/…
[1A[JDownloading 第109话              16837/…
[1A[JDownloading 第109话              16839/…
[1A[JDownloading 第109话              16842/…
[1A[JDownloading 第109话              16843/…
[1A[JDownloading 第109话              16845/…
[1A[JDownloading 第109话              16850/…
[1A[JDownloading 第109话              16851/…
[1A[JDownloading 第109话              16853/…
[1A[JDownloading 第109话              16854/…
[1A[JDownloading 第109话              16855/…
[1A[JDownloading 第109话              16855/…
[1A[JDownloading 第109话              16855/…
[1A[JDownloading 第109话              16860/…
[1A[JDownloading 第109话              16862/…
[1A[JDownloading 第109话              16864/…
[1A[JDownloading 第109话              16864/…
[1A[JDownloading 第109话              16866/…
[1A[JDownloading 第109话              16866/…
[1A[JDownloading 第109话              16870/…
[1A[JDownloading 第109话              16872/…
[1A[JDownloading 第109话              16874/…
[1A[JDownloading 第110话              16875/…
[1A[JDownloading 第110话              16877/…
[1A[JDownloading 第110话              16879/…
[1A[JDownloading 第110话              16880/…
[1A[JDownloading 第110话              16881/…
[1A[JDownloading 第110话              16882/…
[1A[JDownloading 第110话              16882/…
[1A[JDownloading 第110话              16883/…
[1A[JDownloading 第110话              16887/…
[1A[JDownloading 第110话              16889/…
[1A[JDownloading 第110话              16890/…
[1A[JDownloading 第110话              16892/…
[1A[JDownloading 第110话              16893/…
[1A[JDownloading 第110话              16894/…
[1A[JDownloading 第110话              16896/…
[1A[JDownloading 第110话              16901/…
[1A[JDownloading 第110话              16903/…
[1A[JDownloading 第110话              16906/…
[1A[JDownloading 第110话              16911/…
[1A[JDownloading 第110话              16913/…
[1A[JDownloading 第110话              16915/…
[1A[JDownloading 第110话              16986/…
[1A[JDownloading 第110话              16986/…
[1A[JDownloading 第110话              16988/…
[1A[JDownloading 第110话              16988/…
[1A[JDownloading 第110话              16988/…
[1A[JDownloading 第110话              16990/…
[1A[JDownloading 第110话              16991/…
[1A[JDownloading 第110话              16991/…
[1A[JDownloading 第110话              16991/…
[1A[JDownloading 第110话              16993/…
[1A[JDownloading 第110话              16995/…
[1A[JDownloading 第110话              16997/…
[1A[JDownloading 第110话              16997/…
[1A[JDownloading 第110话              16998/…
[1A[JDownloading 第110话              17000/…
[1A[JDownloading 第110话              17001/…
[1A[JDownloading 第110话              17004/…
[1A[JDownloading 第110话              17007/…
[1A[JDownloading 第110话              17009/…
[1A[JDownloading 第110话              17011/…
[1A[JDownloading 第110话              17012/…
[1A[JDownloading 第110话              17015/…
[1A[JDownloading 第110话              17016/…
[1A[JDownloading 第111话              17017/…
[1A[JDownloading 第111话              17017/…
[1A[JDownloading 第111话              17019/…
[1A[JDownloading 第111话              17019/…
[1A[JDownloading 第111话              17021/…
[1A[JDownloading 第111话              17021/…
[1A[JDownloading 第111话              17024/…
[1A[JDownloading 第111话              17025/…
[1A[JDownloading 第111话              17027/…
[1A[JDownloading 第111话              17028/…
[1A[JDownloading 第111话              17031/…
[1A[JDownloading 第111话              17034/…
[1A[JDownloading 第111话              17037/…
[1A[JDownloading 第111话              17038/…
[1A[JDownloading 第111话              17041/…
[1A[JDownloading 第111话              17044/…
[1A[JDownloading 第111话              17046/…
[1A[JDownloading 第111话              17046/…
[1A[JDownloading 第111话              17047/…
[1A[JDownloading 第111话              17050/…
[1A[JDownloading 第111话              17051/…
[1A[JDownloading 第111话              17053/…
[1A[JDownloading 第111话              17058/…
[1A[JDownloading 第111话              17062/…
[1A[JDownloading 第111话              17062/…
[1A[JDownloading 第111话              17063/…
[1A[JDownloading 第111话              17065/…
[1A[JDownloading 第111话              17067/…
[1A[JDownloading 第111话              17067/…
[1A[JDownloading 第111话              17067/…
[1A[JDownloading 第111话              17068/…
[1A[JDownloading 第111话              17070/…
[1A[JDownloading 第111话              17070/…
[1A[JDownloading 第111话              17071/…
[1A[JDownloading 第111话              17071/…
[1A[JDownloading 第111话              17077/…
[1A[JDownloading 第111话              17078/…
[1A[JDownloading 第111话              17082/…
[1A[JDownloading 第111话              17084/…
[1A[JDownloading 第111话              17145/…
[1A[JDownloading 第111话              17147/…
[1A[JDownloading 第111话              17149/…
[1A[JDownloading 第111话              17150/…
[1A[JDownloading 第111话              17151/…
[1A[JDownloading 第111话              17153/…
[1A[JDownloading 第111话              17154/…
[1A[JDownloading 第111话              17155/…
[1A[JDownloading 第111话              17156/…
[1A[JDownloading 第111话              17156/…
[1A[JDownloading 第111话              17160/…
[1A[JDownloading 第111话              17160/…
[1A[JDownloading 第111话              17163/…
[1A[JDownloading 第111话              17164/…
[1A[JDownloading 第111话              17166/…
[1A[JDownloading 第111话              17167/…
[1A[JDownloading 第111话              17170/…
[1A[JDownloading 第111话              17172/…
[1A[JDownloading 第111话              17173/…
[1A[JDownloading 第111话              17174/…
[1A[JDownloading 第111话              17174/…
[1A[JDownloading 第111话              17175/…
[1A[JDownloading 第112话（第1季 最终话）    …
[1A[JDownloading 第112话（第1季 最终话）    …
[1A[JDownloading 第112话（第1季 最终话）    …
[1A[JDownloading 第112话（第1季 最终话）    …
[1A[JDownloading 第112话（第1季 最终话）    …
[1A[JDownloading 第112话（第1季 最终话）    …
[1A[JDownloading 第112话（第1季 最终话）    …
[1A[JDownloading 第112话（第1季 最终话）    …
[1A[JDownloading 第112话（第1季 最终话）    …
[1A[JDownloading 第112话（第1季 最终话）    …
[1A[JDownloading 第112话（第1季 最终话）    …
[1A[JDownloading 第112话（第1季 最终话）    …
[1A[JDownloading 第112话（第1季 最终话）    …
[1A[JDownloading 第112话（第1季 最终话）    …
[1A[JDownloading 第112话（第1季 最终话）    …
[1A[JDownloading 第112话（第1季 最终话）    …
[1A[JDownloading 第112话（第1季 最终话）    …
[1A[JDownloading 第112话（第1季 最终话）    …
[1A[JDownloading 第112话（第1季 最终话）    …
[1A[JDownloading 第112话（第1季 最终话）    …
[1A[JDownloading 第112话（第1季 最终话）    …
[1A[JDownloading 第112话（第1季 最终话）    …
[1A[JDownloading 第112话（第1季 最终话）    …
[1A[JDownloading 第112话（第1季 最终话）    …
[1A[JDownloading 第112话（第1季 最终话）    …
[1A[JDownloading 第112话（第1季 最终话）    …
[1A[JDownloading 第112话（第1季 最终话）    …
[1A[JDownloading 第112话（第1季 最终话）    …
[1A[JDownloading 第112话（第1季 最终话）    …
[1A[JDownloading 第112话（第1季 最终话）    …
[1A[JDownloading 第112话（第1季 最终话）    …
[1A[JDownloading 第112话（第1季 最终话）    …
[1A[JDownloading 第112话（第1季 最终话）    …
[1A[JDownloading 第112话（第1季 最终话）    …
[1A[JDownloading 第112话（第1季 最终话）    …
[1A[JDownloading 第112话（第1季 最终话）    …
[1A[JDownloading 第112话（第1季 最终话）    …
[1A[JDownloading 第112话（第1季 最终话）    …
[1A[JDownloading 第112话（第1季 最终话）    …
[1A[JDownloading 第112话（第1季 最终话）    …
[1A[JDownloading 第112话（第1季 最终话）    …
[1A[JDownloading 第112话（第1季 最终话）    …
[1A[JDownloading 第112话（第1季 最终话）    …
[1A[JDownloading 第112话（第1季 最终话）    …
[1A[JDownloading 第112话（第1季 最终话）    …
[1A[JDownloading 第112话（第一季 最终话）    
[1A[JDownloading 第112话（第一季 最终话）    
[1A[JDownloading 第112话（第一季 最终话）    
[1A[JDownloading 第112话（第一季 最终话）    
[1A[JDownloading 第112话（第一季 最终话）    
[1A[JDownloading 第112话（第一季 最终话）    
[1A[JDownloading 第112话（第一季 最终话）    
[1A[JDownloading 第112话（第一季 最终话）    
[1A[JDownloading 第112话（第一季 最终话）    
[1A[JDownloading 第112话（第一季 最终话）    
[1A[JDownloading 第112话（第一季 最终话）    
[1A[JDownloading 第112话（第一季 最终话）    
[1A[JDownloading 第112话（第一季 最终话）    
[1A[JDownloading 第112话（第一季 最终话）    
[1A[JDownloading 第112话（第一季 最终话）    
[1A[JDownloading 第112话（第一季 最终话）    
[1A[JDownloading 第112话（第一季 最终话）    
[1A[JDownloading 第112话（第一季 最终话）    
[1A[JDownloading 第112话（第一季 最终话）    
[1A[JDownloading 第112话（第一季 最终话）    
[1A[JDownloading 第112话（第一季 最终话）    
[1A[JDownloading 第112话（第一季 最终话）    
[1A[JDownloading 第112话（第一季 最终话）    
[1A[JDownloading 第112话（第一季 最终话）    
[1A[JDownloading 第112话（第一季 最终话）    
[1A[JDownloading 第112话（第一季 最终话）    
[1A[JDownloading 第112话（第一季 最终话）    
[1A[JDownloading 第112话（第一季 最终话）    
[1A[JDownloading 第112话（第一季 最终话）    
[1A[JDownloading 第112话（第一季 最终话）    
[1A[JDownloading 第112话（第一季 最终话）    
[1A[JDownloading 第112话（第一季 最终话）    
[1A[JDownloading 第112话（第一季 最终话）    
[1A[JDownloading 第112话（第一季 最终话）    
[1A[JDownloading 第112话（第一季 最终话）    
[1A[JDownloading 第112话（第一季 最终话）    
[1A[JDownloading 第112话（第一季 最终话）    
[1A[JDownloading 第112话（第一季 最终话）    
[1A[JDownloading 第112话（第一季 最终话）    
[1A[JDownloading 第112话（第一季 最终话）    
[1A[JDownloading 第112话（第一季 最终话）    
[1A[JDownloading 第112话（第一季 最终话）    
[1A[JDownloading 第112话（第一季 最终话）    
[1A[JDownloading 第112话（第一季 最终话）    
[1A[JDownloading 第112话（第一季 最终话）    
[1A[JDownloading 第112话（第一季 最终话）    
[1A[JDownloading 第112话（第一季 最终话）    
[1A[JDownloading 第112话（第一季 最终话）    
[1A[JDownloading 第112话（第一季 最终话）    
[1A[JDownloading 第112话（第一季 最终话）    
[1A[JDownloading 第112话（第一季 最终话）    
[1A[JDownloading 第112话（第一季 最终话）    
[1A[JDownloading 第112话（第一季 最终话）    
[1A[JDownloading 第112话（第一季 最终话）    
[1A[JDownloading 第112话（第一季 最终话）    
[1A[JDownloading 第112话（第一季 最终话）    
[1A[JDownloading 第112话（第一季 最终话）    
[1A[JDownloading 第112话（第一季 最终话）    
[1A[JDownloading 第112话（第一季 最终话）    
[1A[JDownloading 第112话（第一季 最终话）    
[1A[JDownloading 第112话（第一季 最终话）    
[1A[JDownloading 第112话（第一季 最终话）    
[1A[JDownloading 第112话（第一季 最终话）    
[1A[JDownloading 第112话（第一季 最终话）    
[1A[JDownloading 第112话（第一季 最终话）    
[1A[JDownloading 第112话（第一季 最终话）    
[1A[JDownloading 第112话（第一季 最终话）    
[1A[JDownloading 第112话（第一季 最终话）    
[1A[JDownloading 第112话（第一季 最终话）    
[1A[JDownloading 第112话（第一季 最终话）    
[1A[JDownloading 第112话（第一季 最终话）    
[1A[JDownloading 第112话（第一季 最终话）    
[1A[JDownloading 第112话（第一季 最终话）    
[1A[JDownloading 第112话（第一季 最终话）    
[1A[JDownloading 第112话（第一季 最终话）    
[1A[JDownloading 第112话（第一季 最终话）    
[1A[JDownloading 第112话（第一季 最终话）    
[1A[JDownloading 第112话（第一季 最终话）    
[1A[JDownloading 第112话（第一季 最终话）    
[1A[JDownloading 第112话（第一季 最终话）    
[1A[JDownloading 第112话（第一季 最终话）    
[1A[JDownloading 第112话（第一季 最终话）    
[1A[JDownloading 第112话（第一季 最终话）    
[1A[JDownloading 第112话（第一季 最终话）    
[1A[JDownloading 第112话（第一季 最终话）    
[1A[JDownloading 第112话（第一季 最终话）    
[1A[JDownloading 第112话（第一季 最终话）    
[1A[JDownloading 第112话（第一季 最终话）    
[1A[JDownloading 第112话（第一季 最终话）    
[1A[JDownloading 第112话（第一季 最终话）    
[1A[JDownloading 第112话（第一季 最终话）    
[1A[JDownloading 第112话（第一季 最终话）    
[1A[JDownloading 第112话（第一季 最终话）    
[1A[JDownloading 第112话（第一季 最终话）    
[1A[JDownloading 第112话（第一季 最终话）    
[1A[JDownloading 第112话（第一季 最终话）    
[1A[JDownloading 第112话（第一季 最终话）    
[1A[JDownloading 第112话（第一季 最终话）    
[1A[JDownloading 第112话（第一季 最终话）    
[1A[JDownloading 第112话（第一季 最终话）    
[1A[JDownloading 第112话（第一季 最终话）    
[1A[JDownloading 第112话（第一季 最终话）    
[1A[JDownloading 第112话（第一季 最终话）    
[1A[JDownloading 第112话（第一季 最终话）    
[1A[JDownloading 第112话（第一季 最终话）    
[1A[JDownloading 第112话（第一季 最终话）    
[1A[JDownloading 第112话（第一季 最终话）    
[1A[JDownloading 第112话（第一季 最终话）    
[1A[JDownloading 第112话（第一季 最终话）    
[1A[JDownloading 第112话（第一季 最终话）    
[1A[JDownloading 第112话（第一季 最终话）    
[1A[JDownloading 第112话（第一季 最终话）    
[1A[JDownloading 第112话（第一季 最终话）    
[1A[JDownloading 第112话（第一季 最终话）    
[1A[JDownloading 第112话（第一季 最终话）    
[1A[JDownloading 第112话（第一季 最终话）    
[1A[JDownloading 第112话（第一季 最终话）    
[1A[JDownloading 第112话（第一季 最终话）    
[1A[JDownloading 第112话（第一季 最终话）    
[1A[JDownloading 第112话（第一季 最终话）    
[1A[JDownloading 第112话（第一季 最终话）    
[1A[JDownloading 第112话（第一季 最终话）    
[1A[JDownloading 第112话（第一季 最终话）    
[1A[JDownloading 第112话（第一季 最终话）    
[1A[JDownloading 第112话（第一季 最终话）    
[1A[JDownloading 第112话（第一季 最终话）    
[1A[JDownloading 第112话（第一季 最终话）    
[1A[JDownloading 第112话（第一季 最终话）    
[1A[JDownloading 第112话（第一季 最终话）    
[1A[JDownloading 第112话（第一季 最终话）    
[1A[JDownloading 第112话（第一季 最终话）    
[1A[JDownloading 第112话（第一季 最终话）    
[1A[JDownloading 第112话（第一季 最终话）    
[1A[JDownloading 第112话（第一季 最终话）    
[1A[JDownloading 第112话（第一季 最终话）    
[1A[JDownloading 第112话（第一季 最终话）    
[1A[JDownloading 第112话（第一季 最终话）    
[1A[JDownloading 第112话（第一季 最终话）    
[1A[JDownloading 第112话（第一季 最终话）    
[1A[JDownloading 第112话（第一季 最终话）    
[1A[JDownloading 第112话（第一季 最终话）    
[1A[JDownloading 第112话（第一季 最终话）    
[1A[JDownloading 第112话（第一季 最终话）    
[1A[JDownloading 第112话（第一季 最终话）    
[1A[JDownloading 第112话（第一季 最终话）    
[1A[JDownloading 第112话（第一季 最终话）    
[1A[JDownloading 第112话（第一季 最终话）    
[1A[JDownloading 第112话（第一季 最终话）    
[1A[JDownloading 第112话（第一季 最终话）    
[1A[JDownloading 第112话（第一季 最终话）    
[1A[JDownloading 第112话（第一季 最终话）    
[1A[JDownloading 第112话（第一季 最终话）    
[1A[JDownloading 第112话（第一季 最终话）    
[1A[JDownloading 第112话（第一季 最终话）    
[1A[JCreating bundle for chapters 1-9999 178…
[1A[JCreating bundle for chapters 1-9999 179…
[1A[JCreating bundle for chapters 1-9999 180…
[1A[JCreating bundle for chapters 1-9999 180…
[1A[JCreating bundle for chapters 1-9999 180…
[1A[JCreating bundle for chapters 1-9999 180…
[1A[JCreating bundle for chapters 1-9999 180…
[1A[JCreating bundle for chapters 1-9999 180…
[1A[JCreating bundle for chapters 1-9999 180…
[1A[JCreating bundle for chapters 1-9999 180…
[1A[JCreating bundle for chapters 1-9999 180…
[1A[JCreating bundle for chapters 1-9999 180…
[1A[JCreating bundle for chapters 1-9999 180…
[1A[JCreating bundle for chapters 1-9999 180…
[1A[JCreating bundle for chapters 1-9999 180…
[1A[JCreating bundle for chapters 1-9999 180…
[1A[JCreating bundle for chapters 1-9999 180…
[1A[JCreating bundle for chapters 1-9999 180…
[1A[JCreating bundle for chapters 1-9999 180…
[1A[JCreating bundle for chapters 1-9999 180…
[1A[JCreating bundle for chapters 1-9999 180…
[1A[JCreating bundle for chapters 1-9999 180…
[1A[JCreating bundle for chapters 1-9999 180…
[1A[JCreating bundle for chapters 1-9999 180…
[1A[JCreating bundle for chapters 1-9999 180…
[1A[JCreating bundle for chapters 1-9999 180…
[1A[JCreating bundle for chapters 1-9999 180…
[1A[JCreating bundle for chapters 1-9999 180…
[1A[JCreating bundle for chapters 1-9999 180…
[1A[JCreating bundle for chapters 1-9999 180…
[1A[JCreating bundle for chapters 1-9999 180…
[1A[JCreating bundle for chapters 1-9999 180…
[1A[JCreating bundle for chapters 1-9999 180…
[1A[JCreating bundle for chapters 1-9999 180…
[1A[JCreating bundle for chapters 1-9999 180…
[1A[JCreating bundle for chapters 1-9999 180…
[1A[JCreating bundle for chapters 1-9999 180…
[1A[JCreating bundle for chapters 1-9999 180…
[1A[JCreating bundle for chapters 1-9999 180…
[1A[JCreating bundle for chapters 1-9999 180…
[1A[JCreating bundle for chapters 1-9999 180…
[1A[JCreating bundle for chapters 1-9999 180…
[1A[JCreating bundle for chapters 1-9999 180…
[1A[JCreating bundle for chapters 1-9999 180…
[1A[JCreating bundle for chapters 1-9999 180…
[1A[JCreating bundle for chapters 1-9999 180…
[1A[JCreating bundle for chapters 1-9999 180…
[1A[JCreating bundle for chapters 1-9999 180…
[1A[JCreating bundle for chapters 1-9999 180…
[1A[JCreating bundle for chapters 1-9999 180…
[1A[JCreating bundle for chapters 1-9999 180…
[1A[JCreating bundle for chapters 1-9999 180…
[1A[JCreating bundle for chapters 1-9999 180…
[1A[JCreating bundle for chapters 1-9999 180…
[1A[JCreating bundle for chapters 1-9999 180…
[1A[JCreating bundle for chapters 1-9999 180…
[1A[JCreating bundle for chapters 1-9999 180…
[1A[JCreating bundle for chapters 1-9999 180…
[1A[JCreating bundle for chapters 1-9999 180…
[1A[JCreating bundle for chapters 1-9999 180…
[1A[JCreating bundle for chapters 1-9999 180…
[1A[JCreating bundle for chapters 1-9999 180…
[1A[JCreating bundle for chapters 1-9999 180…
[1A[JCreating bundle for chapters 1-9999 180…
[1A[JCreating bundle for chapters 1-9999 180…
[1A[JCreating bundle for chapters 1-9999 180…
[1A[JCreating bundle for chapters 1-9999 180…
[1A[JCreating bundle for chapters 1-9999 180…
[1A[JCreating bundle for chapters 1-9999 180…
[1A[JCreating bundle for chapters 1-9999 180…
[1A[JCreating bundle for chapters 1-9999 180…
[1A[JCreating bundle for chapters 1-9999 180…
[1A[JCreating bundle for chapters 1-9999 180…
[1A[JCreating bundle for chapters 1-9999 180…
[1A[JCreating bundle for chapters 1-9999 180…
[1A[JCreating bundle for chapters 1-9999 180…
[1A[JCreating bundle for chapters 1-9999 180…
[1A[JCreating bundle for chapters 1-9999 180…
[1A[JCreating bundle for chapters 1-9999 180…
[1A[JCreating bundle for chapters 1-9999 180…
[1A[JCreating bundle for chapters 1-9999 180…
[1A[JCreating bundle for chapters 1-9999 180…
[1A[JCreating bundle for chapters 1-9999 180…
[1A[JCreating bundle for chapters 1-9999 180…
[1A[JCreating bundle for chapters 1-9999 180…
[1A[JCreating bundle for chapters 1-9999 180…
[1A[JCreating bundle for chapters 1-9999 180…
[1A[JCreating bundle for chapters 1-9999 180…
[1A[JCreating bundle for chapters 1-9999 180…
[1A[JCreating bundle for chapters 1-9999 180…
[1A[JCreating bundle for chapters 1-9999 180…
[1A[JCreating bundle for chapters 1-9999 180…
[1A[JCreating bundle for chapters 1-9999 180…
- saved file 只活今天的轮回骑士 1-9999 - bundle.cbz
